"tanggal","provinsi","0-5","6-18","19-30","31-45","45-59",">=60","tidak diketahui"
"2021-03-24","ACEH",198,533,2301,3406,2295,1037,21
"2021-03-28","ACEH",199,533,2312,3420,2311,1050,20
"2021-04-07","ACEH",200,546,2332,3475,2343,1069,20
"2021-04-12","ACEH",203,555,2358,3504,2377,1089,20
"2021-04-15","ACEH",203,560,2376,3539,2396,1106,20
"2021-04-16","ACEH",204,562,2377,3543,2409,1107,20
"2021-04-17","ACEH",205,566,2380,3556,2417,1113,20
"2021-04-18","ACEH",205,566,2391,3564,2429,1125,20
"2021-04-19","ACEH",205,568,2391,3570,2432,1127,20
"2021-04-20","ACEH",206,569,2401,3587,2445,1137,20
"2021-04-21","ACEH",207,576,2417,3601,2463,1145,20
"2021-04-22","ACEH",208,578,2440,3627,2479,1164,20
"2021-04-23","ACEH",211,582,2464,3649,2502,1179,20
"2021-04-24","ACEH",213,585,2469,3666,2513,1187,20
"2021-04-25","ACEH",216,584,2475,3672,2518,1192,20
"2021-04-26","ACEH",216,585,2491,3688,2541,1203,20
"2021-04-27","ACEH",217,588,2503,3710,2560,1216,20
"2021-04-30","ACEH",222,598,2541,3773,2628,1263,20
"2021-05-01","ACEH",225,611,2573,3799,2655,1286,20
"2021-05-02","ACEH",225,616,2579,3818,2671,1308,20
"2021-05-04","ACEH",228,631,2612,3862,2702,1336,20
"2021-05-06","ACEH",230,641,2651,3913,2758,1376,20
"2021-05-08","ACEH",236,652,2701,3973,2807,1413,20
"2021-05-10","ACEH",237,656,2715,3998,2843,1429,20
"2021-05-13","ACEH",239,669,2768,4075,2893,1488,20
"2021-05-14","ACEH",239,669,2769,4076,2894,1490,20
"2021-05-16","ACEH",241,672,2785,4094,2926,1511,20
"2021-05-19","ACEH",245,700,2834,4192,3027,1597,20
"2021-05-25","ACEH",255,753,3021,4473,3268,1791,20
"2021-05-26","ACEH",256,769,3075,4563,3330,1835,20
"2021-05-29","ACEH",263,816,3231,4836,3513,1952,20
"2021-05-31","ACEH",272,835,3307,4974,3598,2011,20
"2021-06-02","ACEH",276,851,3356,5044,3647,2046,20
"2021-06-10","ACEH",285,927,3691,5541,4030,2331,20
"2021-06-12","ACEH",288,946,3767,5655,4118,2423,20
"2021-06-13","ACEH",288,953,3801,5697,4170,2447,20
"2021-03-24","BALI",842,3182,9335,9908,9757,5036,466
"2021-03-28","BALI",858,3233,9480,10085,9908,5141,466
"2021-04-07","BALI",884,3372,9841,10555,10456,5480,466
"2021-04-12","BALI",897,3440,10044,10776,10664,5617,465
"2021-04-15","BALI",910,3484,10130,10892,10780,5715,465
"2021-04-16","BALI",913,3505,10182,10940,10835,5747,465
"2021-04-17","BALI",915,3516,10216,10970,10889,5785,465
"2021-04-18","BALI",919,3531,10242,11012,10934,5825,465
"2021-04-19","BALI",921,3539,10280,11049,10975,5853,465
"2021-04-20","BALI",927,3549,10332,11096,11030,5890,465
"2021-04-21","BALI",930,3560,10379,11135,11089,5927,465
"2021-04-22","BALI",932,3574,10418,11178,11127,5959,465
"2021-04-23","BALI",933,3583,10439,11216,11162,5993,465
"2021-04-24","BALI",934,3593,10470,11250,11188,6015,465
"2021-04-25","BALI",936,3600,10479,11268,11205,6028,465
"2021-04-26","BALI",937,3604,10497,11298,11239,6046,465
"2021-04-27","BALI",940,3608,10520,11330,11292,6081,465
"2021-04-30","BALI",945,3628,10610,11438,11414,6171,465
"2021-05-01","BALI",948,3634,10642,11465,11454,6205,465
"2021-05-02","BALI",952,3642,10655,11486,11479,6220,465
"2021-05-04","BALI",954,3660,10720,11550,11535,6270,465
"2021-05-06","BALI",960,3686,10782,11606,11610,6319,465
"2021-05-08","BALI",962,3708,10833,11655,11664,6368,465
"2021-05-10","BALI",965,3727,10873,11689,11712,6401,465
"2021-05-13","BALI",967,3748,10933,11762,11780,6469,465
"2021-05-14","BALI",967,3754,10951,11775,11784,6475,465
"2021-05-16","BALI",969,3764,10970,11802,11818,6502,465
"2021-05-19","BALI",972,3786,11021,11868,11889,6554,465
"2021-05-25","BALI",985,3826,11111,11963,11985,6638,465
"2021-05-26","BALI",988,3836,11117,11974,12002,6650,465
"2021-05-29","BALI",993,3846,11152,11996,12044,6677,465
"2021-05-31","BALI",995,3849,11167,12019,12070,6694,465
"2021-06-02","BALI",995,3852,11182,12034,12082,6710,465
"2021-06-10","BALI",1441,3876,11257,12123,12164,6780,1
"2021-06-12","BALI",1444,3876,11268,12126,12167,6785,44
"2021-06-13","BALI",1444,3879,11282,12135,12177,6793,44
"2021-03-24","BANTEN",941,3545,8906,10743,8388,2970,103
"2021-03-28","BANTEN",954,3626,9047,10906,8502,3024,103
"2021-04-07","BANTEN",1065,4385,10905,13386,10714,3915,164
"2021-04-12","BANTEN",1082,4460,11127,13606,10885,4005,168
"2021-04-15","BANTEN",1095,4495,11198,13711,10975,4041,168
"2021-04-16","BANTEN",1103,4520,11232,13751,11000,4061,168
"2021-04-17","BANTEN",1110,4534,11256,13779,11019,4071,168
"2021-04-18","BANTEN",1111,4540,11268,13792,11034,4074,168
"2021-04-19","BANTEN",1113,4554,11290,13807,11053,4077,168
"2021-04-20","BANTEN",1117,4577,11315,13835,11072,4087,168
"2021-04-21","BANTEN",1118,4587,11334,13855,11086,4094,167
"2021-04-22","BANTEN",1121,4599,11364,13882,11103,4107,167
"2021-04-23","BANTEN",1125,4621,11408,13935,11139,4121,167
"2021-04-24","BANTEN",1128,4623,11429,13943,11161,4123,167
"2021-04-25","BANTEN",1131,4635,11447,13964,11180,4130,167
"2021-04-26","BANTEN",1141,4667,11497,14023,11232,4147,167
"2021-04-27","BANTEN",1151,4689,11555,14084,11298,4157,167
"2021-04-30","BANTEN",1158,4715,11619,14139,11362,4183,167
"2021-05-01","BANTEN",1162,4721,11634,14151,11374,4187,167
"2021-05-02","BANTEN",1166,4728,11647,14164,11385,4194,167
"2021-05-04","BANTEN",1176,4764,11704,14229,11428,4221,167
"2021-05-06","BANTEN",1178,4778,11741,14266,11462,4235,167
"2021-05-08","BANTEN",1180,4802,11766,14308,11500,4253,167
"2021-05-10","BANTEN",1186,4823,11803,14355,11529,4266,167
"2021-05-13","BANTEN",1189,4844,11843,14413,11568,4276,168
"2021-05-14","BANTEN",1190,4851,11856,14419,11576,4280,168
"2021-05-16","BANTEN",1194,4868,11875,14439,11595,4289,168
"2021-05-19","BANTEN",1202,4890,11909,14467,11622,4305,168
"2021-05-25","BANTEN",1213,4924,12005,14565,11714,4363,168
"2021-05-26","BANTEN",1216,4928,12016,14574,11723,4371,168
"2021-05-29","BANTEN",1230,4958,12099,14636,11789,4397,168
"2021-05-31","BANTEN",1241,4988,12148,14695,11827,4409,168
"2021-06-02","BANTEN",1247,5021,12194,14743,11869,4422,168
"2021-06-10","BANTEN",1280,5174,12424,14972,12069,4488,168
"2021-06-12","BANTEN",1307,5230,12555,15070,12156,4517,168
"2021-06-13","BANTEN",1317,5262,12593,15132,12198,4531,168
"2021-03-24","BENGKULU",115,492,1247,1714,1142,584,23
"2021-03-28","BENGKULU",117,497,1258,1722,1153,594,23
"2021-04-07","BENGKULU",120,522,1317,1800,1212,624,24
"2021-04-12","BENGKULU",126,540,1346,1864,1253,648,24
"2021-04-15","BENGKULU",127,544,1360,1888,1284,660,24
"2021-04-16","BENGKULU",127,547,1374,1905,1299,666,24
"2021-04-17","BENGKULU",127,554,1391,1921,1310,669,24
"2021-04-18","BENGKULU",131,568,1412,1946,1335,674,25
"2021-04-19","BENGKULU",131,571,1418,1956,1340,677,25
"2021-04-20","BENGKULU",133,576,1427,1970,1350,687,25
"2021-04-21","BENGKULU",134,585,1439,1993,1378,700,25
"2021-04-22","BENGKULU",134,586,1446,1997,1386,700,25
"2021-04-23","BENGKULU",135,594,1470,2017,1406,716,26
"2021-04-24","BENGKULU",136,597,1476,2032,1419,718,26
"2021-04-25","BENGKULU",137,611,1497,2069,1447,731,26
"2021-04-26","BENGKULU",137,614,1512,2080,1458,733,26
"2021-04-27","BENGKULU",138,629,1529,2097,1470,741,26
"2021-04-30","BENGKULU",144,638,1559,2145,1505,765,26
"2021-05-01","BENGKULU",148,654,1580,2170,1531,775,26
"2021-05-02","BENGKULU",149,661,1599,2191,1552,781,26
"2021-05-04","BENGKULU",151,670,1609,2203,1571,790,26
"2021-05-06","BENGKULU",152,674,1632,2229,1590,802,26
"2021-05-08","BENGKULU",158,694,1657,2272,1616,823,26
"2021-05-10","BENGKULU",158,704,1675,2288,1620,830,26
"2021-05-13","BENGKULU",162,710,1696,2309,1652,847,26
"2021-05-14","BENGKULU",162,711,1704,2319,1655,854,26
"2021-05-16","BENGKULU",162,711,1706,2321,1658,859,26
"2021-05-19","BENGKULU",163,722,1719,2331,1677,869,27
"2021-05-25","BENGKULU",165,745,1812,2414,1734,896,27
"2021-05-26","BENGKULU",166,748,1820,2420,1739,900,27
"2021-05-29","BENGKULU",169,779,1862,2466,1761,922,27
"2021-05-31","BENGKULU",170,792,1882,2491,1780,932,27
"2021-06-02","BENGKULU",173,799,1892,2509,1787,940,27
"2021-06-10","BENGKULU",177,828,1968,2604,1863,990,28
"2021-06-12","BENGKULU",182,835,1999,2624,1891,1006,28
"2021-06-13","BENGKULU",186,839,2024,2664,1910,1017,28
"2021-03-24","DAERAH ISTIMEWA YOGYAKARTA",1086,3336,7171,7710,7597,4558,596
"2021-03-28","DAERAH ISTIMEWA YOGYAKARTA",1123,3406,7331,7893,7782,4680,596
"2021-04-07","DAERAH ISTIMEWA YOGYAKARTA",1198,3608,7743,8368,8252,5018,596
"2021-04-12","DAERAH ISTIMEWA YOGYAKARTA",1247,3734,7941,8554,8482,5162,596
"2021-04-15","DAERAH ISTIMEWA YOGYAKARTA",1279,3813,8106,8720,8660,5287,596
"2021-04-16","DAERAH ISTIMEWA YOGYAKARTA",1289,3843,8141,8771,8715,5324,596
"2021-04-17","DAERAH ISTIMEWA YOGYAKARTA",1297,3859,8174,8813,8745,5353,596
"2021-04-18","DAERAH ISTIMEWA YOGYAKARTA",1302,3876,8197,8846,8776,5387,596
"2021-04-19","DAERAH ISTIMEWA YOGYAKARTA",1311,3908,8225,8884,8814,5412,596
"2021-04-20","DAERAH ISTIMEWA YOGYAKARTA",1321,3938,8268,8928,8859,5450,596
"2021-04-21","DAERAH ISTIMEWA YOGYAKARTA",1329,3963,8320,8973,8922,5486,596
"2021-04-22","DAERAH ISTIMEWA YOGYAKARTA",1341,3991,8383,9025,8974,5536,596
"2021-04-23","DAERAH ISTIMEWA YOGYAKARTA",1348,4010,8400,9058,9015,5556,596
"2021-04-24","DAERAH ISTIMEWA YOGYAKARTA",1351,4025,8431,9091,9054,5584,596
"2021-04-25","DAERAH ISTIMEWA YOGYAKARTA",1360,4054,8485,9134,9111,5615,596
"2021-04-26","DAERAH ISTIMEWA YOGYAKARTA",1370,4082,8515,9178,9153,5645,596
"2021-04-27","DAERAH ISTIMEWA YOGYAKARTA",1371,4094,8547,9215,9197,5683,596
"2021-04-30","DAERAH ISTIMEWA YOGYAKARTA",1405,4213,8721,9387,9373,5821,596
"2021-05-01","DAERAH ISTIMEWA YOGYAKARTA",1411,4224,8739,9414,9403,5857,596
"2021-05-02","DAERAH ISTIMEWA YOGYAKARTA",1420,4253,8777,9448,9437,5893,596
"2021-05-04","DAERAH ISTIMEWA YOGYAKARTA",1438,4284,8830,9517,9515,5960,596
"2021-05-06","DAERAH ISTIMEWA YOGYAKARTA",1458,4353,8931,9600,9608,6055,596
"2021-05-08","DAERAH ISTIMEWA YOGYAKARTA",1466,4385,9008,9669,9673,6125,596
"2021-05-10","DAERAH ISTIMEWA YOGYAKARTA",1471,4421,9060,9726,9749,6181,596
"2021-05-13","DAERAH ISTIMEWA YOGYAKARTA",1489,4492,9147,9823,9863,6270,596
"2021-05-14","DAERAH ISTIMEWA YOGYAKARTA",1492,4502,9161,9842,9891,6293,596
"2021-05-16","DAERAH ISTIMEWA YOGYAKARTA",1500,4532,9195,9892,9940,6350,597
"2021-05-19","DAERAH ISTIMEWA YOGYAKARTA",1524,4604,9307,9989,10046,6456,598
"2021-05-25","DAERAH ISTIMEWA YOGYAKARTA",1569,4757,9546,10234,10295,6646,598
"2021-05-26","DAERAH ISTIMEWA YOGYAKARTA",1577,4787,9585,10274,10336,6678,598
"2021-05-29","DAERAH ISTIMEWA YOGYAKARTA",1601,4886,9689,10416,10461,6761,598
"2021-05-31","DAERAH ISTIMEWA YOGYAKARTA",1614,4929,9753,10486,10539,6820,605
"2021-06-02","DAERAH ISTIMEWA YOGYAKARTA",1628,4999,9870,10582,10649,6897,608
"2021-06-10","DAERAH ISTIMEWA YOGYAKARTA",1727,5296,10375,11085,11143,7196,610
"2021-06-12","DAERAH ISTIMEWA YOGYAKARTA",1776,5405,10585,11268,11321,7320,610
"2021-06-13","DAERAH ISTIMEWA YOGYAKARTA",1796,5468,10715,11349,11396,7417,610
"2021-03-24","DKI JAKARTA",11378,31875,94747,109634,78548,40468,7111
"2021-03-28","DKI JAKARTA",11618,32473,96300,111366,79704,41107,7123
"2021-04-07","DKI JAKARTA",11929,33275,98551,113926,81380,42146,7131
"2021-04-12","DKI JAKARTA",12098,33715,99828,115397,82368,42753,7131
"2021-04-15","DKI JAKARTA",12192,33949,100564,116298,82925,43049,7132
"2021-04-16","DKI JAKARTA",12233,34042,100793,116609,83124,43155,7132
"2021-04-17","DKI JAKARTA",12266,34143,101078,116890,83343,43273,7132
"2021-04-18","DKI JAKARTA",12295,34232,101331,117170,83556,43359,7132
"2021-04-19","DKI JAKARTA",12322,34318,101603,117440,83763,43470,7132
"2021-04-20","DKI JAKARTA",12343,34360,101719,117573,83854,43527,7132
"2021-04-21","DKI JAKARTA",12358,34409,101898,117764,83969,43580,7132
"2021-04-22","DKI JAKARTA",12387,34494,102335,118196,84167,43665,7132
"2021-04-23","DKI JAKARTA",12409,34555,102578,118497,84350,43739,7132
"2021-04-24","DKI JAKARTA",12431,34616,102821,118798,84533,43813,7155
"2021-04-25","DKI JAKARTA",12471,34717,103050,119047,84711,43912,7155
"2021-04-26","DKI JAKARTA",12487,34771,103247,119291,84863,43998,7155
"2021-04-27","DKI JAKARTA",12497,34799,103349,119409,84958,44038,7155
"2021-04-30","DKI JAKARTA",12566,34995,103998,120125,85472,44309,7155
"2021-05-01","DKI JAKARTA",12601,35095,104233,120365,85683,44414,7155
"2021-05-02","DKI JAKARTA",12623,35158,104469,120630,85852,44513,7155
"2021-05-04","DKI JAKARTA",12676,35301,104769,120960,86071,44641,7155
"2021-05-06","DKI JAKARTA",12748,35466,105229,121501,86427,44796,7156
"2021-05-08","DKI JAKARTA",12824,35616,105611,121950,86733,44948,7156
"2021-05-10","DKI JAKARTA",12861,35739,106040,122418,87032,45086,7165
"2021-05-13","DKI JAKARTA",12945,35969,106504,122968,87391,45246,7165
"2021-05-14","DKI JAKARTA",12969,36014,106690,123168,87523,45291,7165
"2021-05-16","DKI JAKARTA",12984,36053,106794,123281,87611,45320,7165
"2021-05-19","DKI JAKARTA",13028,36157,107119,123647,87878,45465,7165
"2021-05-25","DKI JAKARTA",13163,36622,108392,125091,88854,45925,7165
"2021-05-26","DKI JAKARTA",13180,36670,108568,125257,88987,46002,7165
"2021-05-29","DKI JAKARTA",13259,36901,109194,126054,89448,46248,7165
"2021-05-31","DKI JAKARTA",13321,37052,109640,126600,89831,46450,7165
"2021-06-02","DKI JAKARTA",13360,37167,109938,126956,90037,46556,7165
"2021-06-10","DKI JAKARTA",13693,38157,112657,129845,91729,47308,7165
"2021-06-12","DKI JAKARTA",13905,38618,114034,131274,92609,47697,7165
"2021-06-13","DKI JAKARTA",14001,38909,114843,132134,93109,47906,7169
"2021-03-24","GORONTALO",84,249,1632,1755,961,349,45
"2021-03-28","GORONTALO",84,251,1649,1765,974,352,44
"2021-04-07","GORONTALO",86,261,1678,1788,999,369,44
"2021-04-12","GORONTALO",86,264,1688,1798,1006,372,44
"2021-04-15","GORONTALO",89,264,1694,1812,1019,375,44
"2021-04-16","GORONTALO",89,265,1694,1815,1020,377,44
"2021-04-17","GORONTALO",89,267,1696,1818,1022,380,44
"2021-04-18","GORONTALO",89,268,1700,1815,1023,384,44
"2021-04-19","GORONTALO",89,268,1700,1815,1023,384,44
"2021-04-20","GORONTALO",91,268,1702,1817,1025,385,44
"2021-04-21","GORONTALO",91,268,1702,1817,1025,385,44
"2021-04-22","GORONTALO",91,268,1705,1817,1025,388,44
"2021-04-23","GORONTALO",91,268,1705,1817,1027,388,44
"2021-04-24","GORONTALO",91,269,1706,1818,1029,389,44
"2021-04-25","GORONTALO",91,269,1706,1818,1029,389,44
"2021-04-26","GORONTALO",91,271,1707,1819,1033,390,44
"2021-04-27","GORONTALO",91,271,1707,1819,1033,390,44
"2021-04-30","GORONTALO",92,274,1717,1830,1041,396,44
"2021-05-01","GORONTALO",92,275,1719,1831,1042,397,44
"2021-05-02","GORONTALO",92,275,1719,1831,1042,397,44
"2021-05-04","GORONTALO",92,276,1720,1833,1043,399,44
"2021-05-06","GORONTALO",92,277,1724,1835,1048,402,44
"2021-05-08","GORONTALO",92,277,1724,1836,1048,403,44
"2021-05-10","GORONTALO",92,277,1724,1836,1048,403,44
"2021-05-13","GORONTALO",92,277,1725,1837,1053,404,44
"2021-05-14","GORONTALO",92,277,1725,1838,1053,404,44
"2021-05-16","GORONTALO",92,277,1725,1839,1055,404,44
"2021-05-19","GORONTALO",92,277,1729,1843,1057,407,44
"2021-05-25","GORONTALO",92,278,1740,1846,1060,412,44
"2021-05-26","GORONTALO",92,278,1740,1847,1060,412,44
"2021-05-29","GORONTALO",92,278,1743,1852,1068,414,44
"2021-05-31","GORONTALO",92,278,1749,1854,1071,418,44
"2021-06-02","GORONTALO",92,279,1750,1854,1072,419,44
"2021-06-10","GORONTALO",93,279,1757,1870,1076,425,44
"2021-06-12","GORONTALO",95,283,1758,1872,1076,425,44
"2021-06-13","GORONTALO",95,283,1759,1874,1077,425,44
"2021-03-24","JAMBI",176,755,1573,1718,1216,472,61
"2021-03-28","JAMBI",180,806,1609,1754,1242,480,61
"2021-04-07","JAMBI",197,856,1706,1862,1316,514,61
"2021-04-12","JAMBI",199,899,1739,1888,1336,523,61
"2021-04-15","JAMBI",202,914,1788,1911,1371,538,61
"2021-04-16","JAMBI",203,918,1799,1928,1384,545,61
"2021-04-17","JAMBI",204,924,1826,1947,1395,549,61
"2021-04-18","JAMBI",208,932,1839,1958,1401,555,61
"2021-04-19","JAMBI",208,932,1846,1961,1409,562,61
"2021-04-20","JAMBI",211,938,1866,1984,1421,572,61
"2021-04-21","JAMBI",212,946,1881,1997,1437,575,61
"2021-04-22","JAMBI",213,951,1890,2030,1462,589,61
"2021-04-23","JAMBI",213,956,1906,2034,1477,592,61
"2021-04-24","JAMBI",213,965,1919,2050,1496,600,61
"2021-04-25","JAMBI",213,967,1927,2058,1503,604,61
"2021-04-26","JAMBI",214,975,1932,2069,1514,610,61
"2021-04-27","JAMBI",215,979,1942,2075,1524,611,61
"2021-04-30","JAMBI",217,1045,1981,2133,1584,649,61
"2021-05-01","JAMBI",219,1057,1989,2153,1596,655,61
"2021-05-02","JAMBI",224,1064,2012,2173,1607,667,61
"2021-05-04","JAMBI",227,1108,2030,2206,1631,677,61
"2021-05-06","JAMBI",232,1130,2073,2263,1671,695,62
"2021-05-08","JAMBI",240,1145,2115,2314,1707,718,62
"2021-05-10","JAMBI",243,1170,2149,2359,1733,731,62
"2021-05-13","JAMBI",245,1185,2182,2402,1760,749,62
"2021-05-14","JAMBI",246,1193,2196,2423,1778,751,62
"2021-05-16","JAMBI",246,1197,2203,2431,1781,751,62
"2021-05-19","JAMBI",250,1208,2219,2452,1789,762,62
"2021-05-25","JAMBI",259,1251,2325,2560,1882,806,62
"2021-05-26","JAMBI",263,1259,2342,2586,1898,812,62
"2021-05-29","JAMBI",268,1287,2402,2641,1942,836,62
"2021-05-31","JAMBI",272,1306,2453,2689,1980,850,62
"2021-06-02","JAMBI",282,1331,2492,2728,2007,862,62
"2021-06-10","JAMBI",311,1453,2717,2970,2177,956,62
"2021-06-12","JAMBI",315,1484,2776,3044,2222,979,62
"2021-06-13","JAMBI",318,1495,2812,3087,2250,991,62
"2021-03-24","JAWA BARAT",8089,28012,58587,67580,51711,21758,8012
"2021-03-28","JAWA BARAT",8195,28380,59277,68374,52452,22110,8000
"2021-04-07","JAWA BARAT",8444,29273,61264,70619,54455,23190,7985
"2021-04-12","JAWA BARAT",8645,29942,62356,71803,55557,23761,7985
"2021-04-15","JAWA BARAT",8794,30481,63410,72923,56442,24254,7984
"2021-04-16","JAWA BARAT",8833,30572,63625,73207,56681,24384,7984
"2021-04-17","JAWA BARAT",8861,30680,63800,73429,56869,24495,7984
"2021-04-18","JAWA BARAT",8878,30760,63990,73617,57055,24603,7984
"2021-04-19","JAWA BARAT",8929,30964,64322,73977,57374,24758,7984
"2021-04-20","JAWA BARAT",8961,31126,64678,74313,57711,24934,7984
"2021-04-21","JAWA BARAT",8997,31235,64928,74588,57911,25068,7984
"2021-04-22","JAWA BARAT",9033,31371,65272,74965,58220,25224,7984
"2021-04-23","JAWA BARAT",9069,31495,65519,75258,58469,25343,7982
"2021-04-24","JAWA BARAT",9094,31565,65698,75422,58607,25397,7982
"2021-04-25","JAWA BARAT",9111,31644,65840,75640,58774,25457,7982
"2021-04-26","JAWA BARAT",9193,31928,66243,76161,59208,25673,7983
"2021-04-27","JAWA BARAT",9222,32032,66477,76481,59529,25830,7982
"2021-04-30","JAWA BARAT",9351,32486,67261,77438,60391,26298,7980
"2021-05-01","JAWA BARAT",9373,32567,67427,77633,60570,26409,7980
"2021-05-02","JAWA BARAT",9396,32652,67584,77792,60736,26491,7980
"2021-05-04","JAWA BARAT",9467,32903,68038,78332,61265,26852,7978
"2021-05-06","JAWA BARAT",9529,33103,68482,78891,61768,27118,7977
"2021-05-08","JAWA BARAT",9687,33680,69491,79954,62680,27560,7978
"2021-05-10","JAWA BARAT",9743,33817,69868,80380,63043,27763,7978
"2021-05-13","JAWA BARAT",9812,34115,70479,81045,63632,28119,7977
"2021-05-14","JAWA BARAT",9833,34190,70632,81188,63744,28189,8013
"2021-05-16","JAWA BARAT",9894,34364,70943,81575,64090,28419,8019
"2021-05-19","JAWA BARAT",10003,34752,71750,82579,65079,28965,7875
"2021-05-25","JAWA BARAT",10209,35499,73306,84399,66701,29851,7866
"2021-05-26","JAWA BARAT",10229,35555,73450,84583,66873,29934,7867
"2021-05-29","JAWA BARAT",10380,35984,74221,85518,67642,30412,7837
"2021-05-31","JAWA BARAT",10460,36216,74669,86041,68060,30666,7837
"2021-06-02","JAWA BARAT",10521,36428,75078,86527,68495,30886,7836
"2021-06-10","JAWA BARAT",10869,37608,77374,89172,70669,31961,7867
"2021-06-12","JAWA BARAT",10941,37852,77891,89793,71172,32182,7867
"2021-06-13","JAWA BARAT",10983,37983,78175,90154,71461,32317,7867
"2021-03-24","JAWA TENGAH",4730,16413,38349,44731,39770,22026,248
"2021-03-28","JAWA TENGAH",4755,16516,38559,44983,40020,22195,248
"2021-04-07","JAWA TENGAH",4875,17094,39516,46114,41093,22928,250
"2021-04-12","JAWA TENGAH",4952,17454,40108,46690,41661,23341,251
"2021-04-15","JAWA TENGAH",5026,17685,40646,47285,42266,23714,251
"2021-04-16","JAWA TENGAH",5049,17767,40789,47448,42418,23820,251
"2021-04-17","JAWA TENGAH",5068,17869,40916,47554,42519,23883,251
"2021-04-18","JAWA TENGAH",5076,17893,40961,47644,42655,23976,251
"2021-04-19","JAWA TENGAH",5086,17951,41097,47817,42817,24116,251
"2021-04-20","JAWA TENGAH",5114,18038,41246,47969,42980,24217,252
"2021-04-21","JAWA TENGAH",5127,18105,41391,48124,43169,24321,252
"2021-04-22","JAWA TENGAH",5143,18174,41525,48269,43298,24428,252
"2021-04-23","JAWA TENGAH",5148,18206,41578,48353,43408,24518,252
"2021-04-24","JAWA TENGAH",5155,18257,41640,48425,43480,24570,253
"2021-04-25","JAWA TENGAH",5159,18282,41691,48487,43540,24615,253
"2021-04-26","JAWA TENGAH",5176,18336,41819,48632,43713,24743,254
"2021-04-27","JAWA TENGAH",5186,18362,41904,48708,43814,24799,254
"2021-04-30","JAWA TENGAH",5228,18519,42094,48984,44158,25006,254
"2021-05-01","JAWA TENGAH",5234,18544,42144,49036,44202,25027,254
"2021-05-02","JAWA TENGAH",5238,18573,42180,49073,44238,25064,254
"2021-05-04","JAWA TENGAH",5265,18669,42369,49285,44448,25236,254
"2021-05-06","JAWA TENGAH",5283,18733,42557,49468,44706,25408,254
"2021-05-08","JAWA TENGAH",5296,18798,42704,49627,44861,25533,254
"2021-05-10","JAWA TENGAH",5318,18912,42926,49859,45127,25669,254
"2021-05-13","JAWA TENGAH",5374,19064,43186,50130,45349,25837,254
"2021-05-14","JAWA TENGAH",5381,19078,43215,50164,45385,25879,254
"2021-05-16","JAWA TENGAH",5395,19140,43348,50310,45524,25979,254
"2021-05-19","JAWA TENGAH",5425,19298,43675,50705,45960,26271,254
"2021-05-25","JAWA TENGAH",5528,19764,44532,51550,46786,26824,254
"2021-05-26","JAWA TENGAH",5539,19833,44695,51676,46898,26891,254
"2021-05-29","JAWA TENGAH",5588,20064,45213,52370,47496,27213,254
"2021-05-31","JAWA TENGAH",5627,20255,45655,52870,47955,27460,264
"2021-06-02","JAWA TENGAH",5661,20378,46027,53290,48352,27705,263
"2021-06-10","JAWA TENGAH",5889,21297,48345,55932,50590,28848,263
"2021-06-12","JAWA TENGAH",5930,21503,48822,56433,51089,29064,264
"2021-06-13","JAWA TENGAH",5990,21765,49375,57162,51689,29439,264
"2021-03-24","JAWA TIMUR",2434,9236,26359,37398,39594,21498,958
"2021-03-28","JAWA TIMUR",2458,9311,26572,37658,39953,21795,959
"2021-04-07","JAWA TIMUR",2504,9475,26972,38259,40829,22417,958
"2021-04-12","JAWA TIMUR",2524,9549,27158,38555,41311,22740,959
"2021-04-15","JAWA TIMUR",2536,9580,27279,38753,41560,22944,958
"2021-04-16","JAWA TIMUR",2538,9603,27321,38823,41635,23022,958
"2021-04-17","JAWA TIMUR",2546,9624,27360,38885,41720,23092,958
"2021-04-18","JAWA TIMUR",2551,9637,27403,38934,41789,23154,958
"2021-04-19","JAWA TIMUR",2559,9650,27447,38976,41869,23218,959
"2021-04-20","JAWA TIMUR",2565,9667,27484,39038,41950,23274,959
"2021-04-21","JAWA TIMUR",2575,9690,27530,39098,42030,23358,959
"2021-04-22","JAWA TIMUR",2578,9705,27579,39163,42117,23430,959
"2021-04-23","JAWA TIMUR",2581,9722,27625,39219,42213,23512,959
"2021-04-24","JAWA TIMUR",2586,9732,27664,39270,42298,23578,960
"2021-04-25","JAWA TIMUR",2597,9750,27699,39317,42369,23632,960
"2021-04-26","JAWA TIMUR",2600,9757,27744,39376,42444,23690,960
"2021-04-27","JAWA TIMUR",2602,9766,27771,39443,42518,23748,960
"2021-04-30","JAWA TIMUR",2620,9836,27898,39640,42796,23995,961
"2021-05-01","JAWA TIMUR",2628,9850,27928,39681,42872,24057,961
"2021-05-02","JAWA TIMUR",2630,9867,27957,39720,42942,24106,961
"2021-05-04","JAWA TIMUR",2647,9905,28020,39829,43083,24243,961
"2021-05-06","JAWA TIMUR",2658,9939,28111,39938,43207,24399,962
"2021-05-08","JAWA TIMUR",2664,9965,28180,40042,43344,24514,962
"2021-05-10","JAWA TIMUR",2673,9986,28254,40133,43466,24633,962
"2021-05-13","JAWA TIMUR",2688,10029,28348,40298,43636,24799,962
"2021-05-14","JAWA TIMUR",2689,10037,28375,40329,43679,24830,962
"2021-05-16","JAWA TIMUR",2695,10063,28414,40397,43790,24927,962
"2021-05-19","JAWA TIMUR",2708,10106,28508,40535,43996,25115,963
"2021-05-25","JAWA TIMUR",2731,10196,28720,40814,44428,25486,964
"2021-05-26","JAWA TIMUR",2738,10207,28766,40866,44506,25549,964
"2021-05-29","JAWA TIMUR",2753,10250,28853,41015,44728,25750,966
"2021-05-31","JAWA TIMUR",2763,10277,28943,41121,44861,25850,966
"2021-06-02","JAWA TIMUR",2774,10314,29003,41217,45003,25968,966
"2021-06-10","JAWA TIMUR",2840,10506,29428,41851,45705,26544,968
"2021-06-12","JAWA TIMUR",2863,10581,29564,42051,45910,26704,968
"2021-06-13","JAWA TIMUR",2870,10612,29645,42171,46012,26780,969
"2021-03-24","KALIMANTAN BARAT",132,536,1441,1616,1280,561,81
"2021-03-28","KALIMANTAN BARAT",135,561,1483,1663,1310,576,81
"2021-04-07","KALIMANTAN BARAT",147,613,1583,1759,1378,604,83
"2021-04-12","KALIMANTAN BARAT",151,643,1643,1846,1416,619,95
"2021-04-15","KALIMANTAN BARAT",156,680,1709,1928,1466,638,96
"2021-04-16","KALIMANTAN BARAT",161,695,1734,1956,1481,648,96
"2021-04-17","KALIMANTAN BARAT",164,699,1767,1988,1498,656,96
"2021-04-18","KALIMANTAN BARAT",167,706,1782,2025,1507,663,96
"2021-04-19","KALIMANTAN BARAT",167,706,1782,2025,1507,663,96
"2021-04-20","KALIMANTAN BARAT",169,714,1794,2051,1524,673,98
"2021-04-21","KALIMANTAN BARAT",170,728,1823,2076,1544,682,98
"2021-04-22","KALIMANTAN BARAT",174,739,1851,2093,1566,693,104
"2021-04-23","KALIMANTAN BARAT",175,743,1871,2122,1589,708,104
"2021-04-24","KALIMANTAN BARAT",177,762,1902,2139,1604,717,107
"2021-04-25","KALIMANTAN BARAT",179,767,1907,2149,1611,727,107
"2021-04-26","KALIMANTAN BARAT",179,767,1907,2149,1611,727,107
"2021-04-27","KALIMANTAN BARAT",179,770,1923,2165,1626,733,107
"2021-04-30","KALIMANTAN BARAT",186,793,1987,2222,1689,754,107
"2021-05-01","KALIMANTAN BARAT",193,802,2011,2242,1719,762,107
"2021-05-02","KALIMANTAN BARAT",193,814,2031,2277,1741,768,107
"2021-05-04","KALIMANTAN BARAT",200,824,2062,2305,1763,787,107
"2021-05-06","KALIMANTAN BARAT",204,847,2126,2372,1821,807,107
"2021-05-08","KALIMANTAN BARAT",210,872,2180,2435,1853,833,108
"2021-05-10","KALIMANTAN BARAT",213,897,2228,2484,1890,859,109
"2021-05-13","KALIMANTAN BARAT",220,928,2310,2564,1970,906,111
"2021-05-14","KALIMANTAN BARAT",224,941,2337,2591,1991,921,111
"2021-05-16","KALIMANTAN BARAT",226,972,2375,2636,2024,935,112
"2021-05-19","KALIMANTAN BARAT",234,1027,2444,2736,2084,964,113
"2021-05-25","KALIMANTAN BARAT",252,1090,2587,2931,2213,1059,114
"2021-05-26","KALIMANTAN BARAT",255,1099,2618,2958,2243,1080,114
"2021-05-29","KALIMANTAN BARAT",266,1129,2694,3048,2307,1125,114
"2021-05-31","KALIMANTAN BARAT",272,1147,2732,3101,2342,1146,114
"2021-06-02","KALIMANTAN BARAT",279,1167,2778,3162,2387,1180,114
"2021-06-10","KALIMANTAN BARAT",300,1247,2966,3416,2572,1290,115
"2021-06-12","KALIMANTAN BARAT",305,1288,3020,3502,2633,1332,116
"2021-06-13","KALIMANTAN BARAT",306,1300,3048,3545,2666,1351,116
"2021-03-24","KALIMANTAN SELATAN",748,2416,6885,7695,5638,2102,669
"2021-03-28","KALIMANTAN SELATAN",768,2484,7132,7956,5811,2186,782
"2021-04-07","KALIMANTAN SELATAN",810,2702,7698,8590,6289,2424,804
"2021-04-12","KALIMANTAN SELATAN",829,2797,8048,8917,6522,2553,813
"2021-04-15","KALIMANTAN SELATAN",835,2845,8219,9085,6668,2628,818
"2021-04-16","KALIMANTAN SELATAN",837,2859,8265,9119,6700,2652,819
"2021-04-17","KALIMANTAN SELATAN",847,2871,8303,9169,6726,2664,827
"2021-04-18","KALIMANTAN SELATAN",847,2882,8353,9220,6762,2678,851
"2021-04-19","KALIMANTAN SELATAN",848,2884,8357,9228,6771,2684,852
"2021-04-20","KALIMANTAN SELATAN",851,2891,8389,9278,6806,2706,850
"2021-04-21","KALIMANTAN SELATAN",852,2897,8420,9298,6830,2719,850
"2021-04-22","KALIMANTAN SELATAN",855,2925,8465,9361,6866,2749,851
"2021-04-23","KALIMANTAN SELATAN",858,2949,8518,9409,6916,2768,851
"2021-04-24","KALIMANTAN SELATAN",858,2963,8568,9460,6946,2793,854
"2021-04-25","KALIMANTAN SELATAN",859,2966,8579,9481,6959,2800,854
"2021-04-26","KALIMANTAN SELATAN",859,2967,8583,9486,6960,2805,854
"2021-04-27","KALIMANTAN SELATAN",861,2975,8604,9516,6981,2821,854
"2021-04-30","KALIMANTAN SELATAN",868,3007,8687,9622,7061,2858,855
"2021-05-01","KALIMANTAN SELATAN",869,3013,8716,9648,7074,2870,856
"2021-05-02","KALIMANTAN SELATAN",868,3013,8715,9653,7077,2877,855
"2021-05-04","KALIMANTAN SELATAN",870,3015,8730,9685,7105,2888,855
"2021-05-06","KALIMANTAN SELATAN",876,3032,8766,9725,7147,2919,855
"2021-05-08","KALIMANTAN SELATAN",881,3057,8824,9786,7199,2970,855
"2021-05-10","KALIMANTAN SELATAN",881,3062,8841,9817,7222,2982,853
"2021-05-13","KALIMANTAN SELATAN",886,3081,8877,9862,7249,3007,854
"2021-05-14","KALIMANTAN SELATAN",886,3083,8877,9869,7255,3011,854
"2021-05-16","KALIMANTAN SELATAN",887,3086,8880,9879,7267,3020,854
"2021-05-19","KALIMANTAN SELATAN",890,3092,8908,9916,7294,3040,855
"2021-05-25","KALIMANTAN SELATAN",895,3121,9003,10004,7379,3096,856
"2021-05-26","KALIMANTAN SELATAN",895,3129,9020,10027,7401,3108,856
"2021-05-29","KALIMANTAN SELATAN",900,3157,9076,10093,7459,3129,856
"2021-05-31","KALIMANTAN SELATAN",901,3172,9098,10123,7477,3132,856
"2021-06-02","KALIMANTAN SELATAN",904,3174,9113,10130,7492,3144,857
"2021-06-10","KALIMANTAN SELATAN",916,3204,9215,10235,7579,3191,859
"2021-06-12","KALIMANTAN SELATAN",918,3209,9228,10250,7597,3195,859
"2021-06-13","KALIMANTAN SELATAN",918,3212,9233,10255,7607,3201,859
"2021-03-24","KALIMANTAN TENGAH",541,1828,4254,5092,3319,1098,293
"2021-03-28","KALIMANTAN TENGAH",565,1895,4366,5236,3425,1138,296
"2021-04-07","KALIMANTAN TENGAH",592,1995,4574,5517,3639,1228,301
"2021-04-12","KALIMANTAN TENGAH",608,2045,4707,5668,3736,1288,302
"2021-04-15","KALIMANTAN TENGAH",610,2070,4776,5755,3794,1318,305
"2021-04-16","KALIMANTAN TENGAH",614,2084,4804,5788,3820,1329,305
"2021-04-17","KALIMANTAN TENGAH",617,2099,4843,5821,3839,1337,305
"2021-04-18","KALIMANTAN TENGAH",619,2111,4862,5842,3868,1346,305
"2021-04-19","KALIMANTAN TENGAH",620,2113,4882,5863,3889,1359,305
"2021-04-20","KALIMANTAN TENGAH",624,2125,4917,5917,3911,1372,307
"2021-04-21","KALIMANTAN TENGAH",626,2138,4938,5942,3937,1382,307
"2021-04-22","KALIMANTAN TENGAH",627,2144,4956,5966,3952,1389,307
"2021-04-23","KALIMANTAN TENGAH",629,2152,4979,5989,3969,1401,307
"2021-04-24","KALIMANTAN TENGAH",631,2165,5005,6023,3989,1424,308
"2021-04-25","KALIMANTAN TENGAH",637,2177,5027,6041,4007,1429,308
"2021-04-26","KALIMANTAN TENGAH",637,2183,5054,6066,4033,1441,309
"2021-04-27","KALIMANTAN TENGAH",638,2190,5071,6079,4043,1450,309
"2021-04-30","KALIMANTAN TENGAH",643,2212,5144,6156,4119,1487,310
"2021-05-01","KALIMANTAN TENGAH",649,2221,5171,6191,4141,1496,310
"2021-05-02","KALIMANTAN TENGAH",653,2226,5185,6207,4150,1497,310
"2021-05-04","KALIMANTAN TENGAH",657,2250,5237,6244,4191,1514,310
"2021-05-06","KALIMANTAN TENGAH",663,2264,5276,6289,4236,1530,310
"2021-05-08","KALIMANTAN TENGAH",665,2283,5325,6353,4282,1559,310
"2021-05-10","KALIMANTAN TENGAH",668,2314,5348,6397,4313,1578,310
"2021-05-13","KALIMANTAN TENGAH",678,2335,5401,6439,4359,1602,310
"2021-05-14","KALIMANTAN TENGAH",679,2348,5412,6455,4368,1607,310
"2021-05-16","KALIMANTAN TENGAH",684,2353,5438,6475,4382,1610,310
"2021-05-19","KALIMANTAN TENGAH",688,2369,5492,6541,4431,1642,311
"2021-05-25","KALIMANTAN TENGAH",706,2436,5619,6685,4549,1685,311
"2021-05-26","KALIMANTAN TENGAH",709,2442,5648,6707,4574,1690,312
"2021-05-29","KALIMANTAN TENGAH",716,2474,5729,6784,4640,1722,314
"2021-05-31","KALIMANTAN TENGAH",719,2495,5791,6835,4673,1736,314
"2021-06-02","KALIMANTAN TENGAH",727,2514,5832,6877,4697,1747,314
"2021-06-10","KALIMANTAN TENGAH",755,2589,6069,7077,4850,1825,315
"2021-06-12","KALIMANTAN TENGAH",763,2610,6122,7131,4879,1845,316
"2021-06-13","KALIMANTAN TENGAH",766,2625,6140,7160,4906,1849,317
"2021-03-24","KALIMANTAN TIMUR",1746,5180,16421,20425,11822,4200,2367
"2021-03-28","KALIMANTAN TIMUR",1782,5277,16631,20730,12034,4292,2345
"2021-04-07","KALIMANTAN TIMUR",1833,5434,17096,21338,12388,4456,2312
"2021-04-12","KALIMANTAN TIMUR",1860,5523,17333,21616,12538,4520,2310
"2021-04-15","KALIMANTAN TIMUR",1884,5568,17481,21793,12640,4564,2310
"2021-04-16","KALIMANTAN TIMUR",1890,5576,17517,21842,12661,4571,2310
"2021-04-17","KALIMANTAN TIMUR",1898,5608,17565,21909,12697,4589,2310
"2021-04-18","KALIMANTAN TIMUR",1901,5632,17618,21968,12732,4601,2310
"2021-04-19","KALIMANTAN TIMUR",1902,5645,17650,22008,12751,4612,2310
"2021-04-20","KALIMANTAN TIMUR",1904,5655,17698,22056,12782,4622,2310
"2021-04-21","KALIMANTAN TIMUR",1913,5664,17748,22127,12813,4640,2309
"2021-04-22","KALIMANTAN TIMUR",1920,5685,17810,22175,12845,4650,2309
"2021-04-23","KALIMANTAN TIMUR",1922,5698,17869,22227,12891,4666,2309
"2021-04-24","KALIMANTAN TIMUR",1927,5710,17894,22289,12919,4683,2309
"2021-04-25","KALIMANTAN TIMUR",1932,5741,17926,22348,12947,4693,2309
"2021-04-26","KALIMANTAN TIMUR",1934,5745,17944,22379,12966,4701,2309
"2021-04-27","KALIMANTAN TIMUR",1939,5760,18000,22425,12995,4708,2309
"2021-04-30","KALIMANTAN TIMUR",1951,5810,18151,22578,13092,4737,2309
"2021-05-01","KALIMANTAN TIMUR",1956,5830,18174,22618,13127,4751,2309
"2021-05-02","KALIMANTAN TIMUR",1957,5834,18182,22635,13143,4757,2309
"2021-05-04","KALIMANTAN TIMUR",1960,5851,18242,22707,13195,4774,2309
"2021-05-06","KALIMANTAN TIMUR",1971,5876,18306,22779,13239,4799,2309
"2021-05-08","KALIMANTAN TIMUR",1980,5898,18370,22852,13266,4818,2309
"2021-05-10","KALIMANTAN TIMUR",1983,5916,18424,22907,13303,4831,2309
"2021-05-13","KALIMANTAN TIMUR",1987,5958,18501,22997,13351,4855,2309
"2021-05-14","KALIMANTAN TIMUR",1987,5960,18502,23004,13354,4855,2309
"2021-05-16","KALIMANTAN TIMUR",1989,5964,18535,23033,13381,4868,2309
"2021-05-19","KALIMANTAN TIMUR",2001,5988,18638,23147,13435,4886,2309
"2021-05-25","KALIMANTAN TIMUR",2022,6049,18807,23356,13540,4927,2309
"2021-05-26","KALIMANTAN TIMUR",2028,6062,18826,23385,13552,4930,2309
"2021-05-29","KALIMANTAN TIMUR",2036,6097,18912,23473,13590,4953,2309
"2021-05-31","KALIMANTAN TIMUR",2045,6129,18971,23539,13629,4977,2309
"2021-06-02","KALIMANTAN TIMUR",2052,6142,19016,23588,13656,4990,2309
"2021-06-10","KALIMANTAN TIMUR",2077,6209,19196,23815,13795,5035,2309
"2021-06-12","KALIMANTAN TIMUR",2079,6223,19237,23871,13830,5043,2309
"2021-06-13","KALIMANTAN TIMUR",2080,6230,19266,23913,13848,5055,2309
"2021-03-24","KALIMANTAN UTARA",209,1104,3174,3613,1995,728,64
"2021-03-28","KALIMANTAN UTARA",217,1117,3217,3674,2029,740,64
"2021-04-07","KALIMANTAN UTARA",220,1138,3280,3759,2083,757,65
"2021-04-12","KALIMANTAN UTARA",222,1154,3306,3785,2102,764,65
"2021-04-15","KALIMANTAN UTARA",224,1160,3318,3803,2119,768,65
"2021-04-16","KALIMANTAN UTARA",224,1161,3322,3805,2119,768,65
"2021-04-17","KALIMANTAN UTARA",224,1165,3326,3807,2124,768,65
"2021-04-18","KALIMANTAN UTARA",227,1173,3346,3824,2130,769,65
"2021-04-19","KALIMANTAN UTARA",227,1174,3350,3833,2133,769,65
"2021-04-20","KALIMANTAN UTARA",227,1179,3352,3839,2139,774,65
"2021-04-21","KALIMANTAN UTARA",228,1180,3354,3841,2142,775,65
"2021-04-22","KALIMANTAN UTARA",228,1185,3362,3847,2145,777,65
"2021-04-23","KALIMANTAN UTARA",229,1188,3368,3852,2149,777,65
"2021-04-24","KALIMANTAN UTARA",229,1188,3369,3856,2154,778,65
"2021-04-25","KALIMANTAN UTARA",229,1188,3374,3862,2156,781,65
"2021-04-26","KALIMANTAN UTARA",229,1197,3377,3871,2158,781,65
"2021-04-27","KALIMANTAN UTARA",229,1201,3381,3882,2162,782,65
"2021-04-30","KALIMANTAN UTARA",231,1207,3398,3890,2169,785,65
"2021-05-01","KALIMANTAN UTARA",231,1208,3400,3894,2169,785,65
"2021-05-02","KALIMANTAN UTARA",233,1213,3407,3903,2177,788,65
"2021-05-04","KALIMANTAN UTARA",233,1216,3413,3916,2187,791,65
"2021-05-06","KALIMANTAN UTARA",233,1219,3418,3919,2186,792,65
"2021-05-08","KALIMANTAN UTARA",235,1221,3423,3928,2187,792,65
"2021-05-10","KALIMANTAN UTARA",235,1223,3430,3932,2193,793,65
"2021-05-13","KALIMANTAN UTARA",237,1224,3433,3937,2193,793,65
"2021-05-14","KALIMANTAN UTARA",238,1225,3436,3939,2195,793,65
"2021-05-16","KALIMANTAN UTARA",238,1226,3436,3941,2196,793,65
"2021-05-19","KALIMANTAN UTARA",243,1230,3456,3956,2199,793,65
"2021-05-25","KALIMANTAN UTARA",246,1263,3515,4044,2234,803,65
"2021-05-26","KALIMANTAN UTARA",246,1263,3518,4049,2237,805,65
"2021-05-29","KALIMANTAN UTARA",246,1270,3531,4071,2246,805,65
"2021-05-31","KALIMANTAN UTARA",249,1273,3543,4085,2250,805,65
"2021-06-02","KALIMANTAN UTARA",251,1282,3548,4098,2254,808,65
"2021-06-10","KALIMANTAN UTARA",254,1295,3591,4128,2268,817,65
"2021-06-12","KALIMANTAN UTARA",255,1298,3597,4133,2270,817,65
"2021-06-13","KALIMANTAN UTARA",256,1298,3616,4140,2273,819,66
"2021-03-24","KEPULAUAN BANGKA BELITUNG",399,1370,2107,2619,1571,737,19
"2021-03-28","KEPULAUAN BANGKA BELITUNG",406,1434,2178,2684,1646,777,19
"2021-04-07","KEPULAUAN BANGKA BELITUNG",432,1535,2367,2871,1796,870,18
"2021-04-12","KEPULAUAN BANGKA BELITUNG",446,1596,2498,3013,1889,913,18
"2021-04-15","KEPULAUAN BANGKA BELITUNG",455,1648,2591,3162,1970,978,18
"2021-04-16","KEPULAUAN BANGKA BELITUNG",458,1667,2622,3210,1997,996,18
"2021-04-17","KEPULAUAN BANGKA BELITUNG",458,1678,2643,3237,2019,1009,18
"2021-04-18","KEPULAUAN BANGKA BELITUNG",460,1699,2661,3268,2047,1023,18
"2021-04-19","KEPULAUAN BANGKA BELITUNG",464,1709,2676,3295,2058,1032,18
"2021-04-20","KEPULAUAN BANGKA BELITUNG",467,1728,2702,3353,2086,1050,18
"2021-04-21","KEPULAUAN BANGKA BELITUNG",472,1753,2730,3412,2115,1066,18
"2021-04-22","KEPULAUAN BANGKA BELITUNG",478,1782,2759,3447,2137,1078,18
"2021-04-23","KEPULAUAN BANGKA BELITUNG",486,1851,2849,3532,2195,1107,18
"2021-04-24","KEPULAUAN BANGKA BELITUNG",488,1871,2899,3572,2232,1125,18
"2021-04-25","KEPULAUAN BANGKA BELITUNG",494,1905,2956,3648,2289,1158,18
"2021-04-26","KEPULAUAN BANGKA BELITUNG",501,1917,3011,3709,2322,1184,18
"2021-04-27","KEPULAUAN BANGKA BELITUNG",506,1937,3051,3756,2355,1199,18
"2021-04-30","KEPULAUAN BANGKA BELITUNG",529,2024,3209,3926,2470,1270,18
"2021-05-01","KEPULAUAN BANGKA BELITUNG",539,2057,3258,3983,2501,1290,18
"2021-05-02","KEPULAUAN BANGKA BELITUNG",543,2064,3284,4012,2519,1299,18
"2021-05-04","KEPULAUAN BANGKA BELITUNG",548,2104,3351,4088,2554,1324,19
"2021-05-06","KEPULAUAN BANGKA BELITUNG",562,2144,3415,4165,2620,1356,19
"2021-05-08","KEPULAUAN BANGKA BELITUNG",582,2217,3519,4315,2689,1404,19
"2021-05-10","KEPULAUAN BANGKA BELITUNG",592,2262,3592,4389,2741,1446,19
"2021-05-13","KEPULAUAN BANGKA BELITUNG",610,2319,3680,4522,2826,1491,20
"2021-05-14","KEPULAUAN BANGKA BELITUNG",611,2329,3690,4544,2842,1497,20
"2021-05-16","KEPULAUAN BANGKA BELITUNG",612,2339,3717,4578,2868,1515,20
"2021-05-19","KEPULAUAN BANGKA BELITUNG",629,2382,3819,4705,2930,1567,20
"2021-05-25","KEPULAUAN BANGKA BELITUNG",678,2533,4111,5038,3111,1669,20
"2021-05-26","KEPULAUAN BANGKA BELITUNG",687,2576,4183,5128,3142,1694,21
"2021-05-29","KEPULAUAN BANGKA BELITUNG",706,2647,4290,5283,3229,1743,24
"2021-05-31","KEPULAUAN BANGKA BELITUNG",719,2712,4383,5392,3279,1787,25
"2021-06-02","KEPULAUAN BANGKA BELITUNG",727,2735,4429,5444,3315,1812,25
"2021-06-10","KEPULAUAN BANGKA BELITUNG",782,2891,4672,5751,3475,1908,25
"2021-06-12","KEPULAUAN BANGKA BELITUNG",789,2908,4708,5804,3502,1922,25
"2021-06-13","KEPULAUAN BANGKA BELITUNG",793,2916,4712,5818,3512,1925,25
"2021-03-24","KEPULAUAN RIAU",256,804,2628,2898,1775,582,96
"2021-03-28","KEPULAUAN RIAU",261,821,2647,2934,1793,591,96
"2021-04-07","KEPULAUAN RIAU",264,847,2738,3022,1841,605,98
"2021-04-12","KEPULAUAN RIAU",266,861,2791,3074,1873,620,101
"2021-04-15","KEPULAUAN RIAU",271,884,2879,3160,1916,636,101
"2021-04-16","KEPULAUAN RIAU",274,900,2895,3176,1928,639,101
"2021-04-17","KEPULAUAN RIAU",276,908,2910,3194,1947,646,101
"2021-04-18","KEPULAUAN RIAU",281,922,2928,3217,1964,657,101
"2021-04-19","KEPULAUAN RIAU",282,922,2931,3228,1975,657,101
"2021-04-20","KEPULAUAN RIAU",284,930,2956,3255,1993,663,101
"2021-04-21","KEPULAUAN RIAU",284,933,2974,3280,2004,666,101
"2021-04-22","KEPULAUAN RIAU",285,945,2997,3302,2022,675,101
"2021-04-23","KEPULAUAN RIAU",285,949,3006,3320,2033,683,101
"2021-04-24","KEPULAUAN RIAU",286,957,3046,3350,2051,687,101
"2021-04-25","KEPULAUAN RIAU",291,966,3093,3397,2075,703,101
"2021-04-26","KEPULAUAN RIAU",294,971,3138,3448,2101,709,102
"2021-04-27","KEPULAUAN RIAU",296,978,3156,3472,2118,716,102
"2021-04-30","KEPULAUAN RIAU",310,1008,3261,3584,2175,735,102
"2021-05-01","KEPULAUAN RIAU",314,1025,3318,3634,2210,752,102
"2021-05-02","KEPULAUAN RIAU",319,1038,3355,3671,2243,772,102
"2021-05-04","KEPULAUAN RIAU",331,1084,3422,3757,2296,793,104
"2021-05-06","KEPULAUAN RIAU",340,1125,3503,3872,2362,825,107
"2021-05-08","KEPULAUAN RIAU",350,1150,3551,3946,2400,834,109
"2021-05-10","KEPULAUAN RIAU",354,1179,3608,4003,2440,848,109
"2021-05-13","KEPULAUAN RIAU",370,1212,3702,4116,2515,884,112
"2021-05-14","KEPULAUAN RIAU",373,1218,3725,4157,2533,887,116
"2021-05-16","KEPULAUAN RIAU",386,1271,3824,4271,2615,926,128
"2021-05-19","KEPULAUAN RIAU",392,1310,3936,4384,2713,967,126
"2021-05-25","KEPULAUAN RIAU",411,1427,4317,4786,2956,1069,130
"2021-05-26","KEPULAUAN RIAU",418,1448,4373,4843,2996,1078,130
"2021-05-29","KEPULAUAN RIAU",444,1541,4769,5146,3181,1158,133
"2021-05-31","KEPULAUAN RIAU",450,1568,4919,5298,3264,1194,134
"2021-06-02","KEPULAUAN RIAU",462,1637,5110,5447,3361,1247,141
"2021-06-10","KEPULAUAN RIAU",515,1854,5773,6112,3746,1396,154
"2021-06-12","KEPULAUAN RIAU",534,1913,5969,6296,3835,1431,154
"2021-06-13","KEPULAUAN RIAU",537,1940,6033,6357,3874,1451,155
"2021-03-24","LAMPUNG",269,996,2819,3891,3438,1895,393
"2021-03-28","LAMPUNG",273,1021,2847,3932,3478,1934,393
"2021-04-07","LAMPUNG",280,1049,2932,4041,3606,2015,393
"2021-04-12","LAMPUNG",285,1060,2977,4118,3674,2066,398
"2021-04-15","LAMPUNG",287,1071,3012,4154,3729,2112,398
"2021-04-16","LAMPUNG",289,1075,3023,4166,3752,2127,398
"2021-04-17","LAMPUNG",290,1078,3033,4181,3778,2142,398
"2021-04-18","LAMPUNG",292,1085,3051,4205,3804,2152,399
"2021-04-19","LAMPUNG",296,1093,3065,4229,3835,2162,399
"2021-04-20","LAMPUNG",297,1100,3087,4249,3864,2190,399
"2021-04-21","LAMPUNG",297,1103,3108,4273,3886,2208,399
"2021-04-22","LAMPUNG",297,1106,3127,4288,3901,2219,399
"2021-04-23","LAMPUNG",298,1110,3140,4303,3936,2231,399
"2021-04-24","LAMPUNG",302,1116,3150,4316,3957,2245,399
"2021-04-25","LAMPUNG",302,1124,3165,4338,3977,2261,399
"2021-04-26","LAMPUNG",302,1124,3173,4356,3999,2280,399
"2021-04-27","LAMPUNG",303,1129,3183,4370,4023,2295,399
"2021-04-30","LAMPUNG",306,1159,3232,4437,4100,2342,399
"2021-05-01","LAMPUNG",306,1162,3241,4457,4121,2355,399
"2021-05-02","LAMPUNG",307,1165,3257,4472,4143,2373,399
"2021-05-04","LAMPUNG",308,1178,3286,4505,4188,2399,399
"2021-05-06","LAMPUNG",308,1185,3314,4532,4243,2426,399
"2021-05-08","LAMPUNG",308,1187,3339,4560,4283,2461,399
"2021-05-10","LAMPUNG",310,1194,3352,4583,4313,2484,399
"2021-05-13","LAMPUNG",313,1207,3393,4636,4376,2533,399
"2021-05-14","LAMPUNG",314,1208,3395,4643,4389,2538,399
"2021-05-16","LAMPUNG",318,1220,3420,4673,4424,2555,399
"2021-05-19","LAMPUNG",321,1233,3442,4713,4488,2592,399
"2021-05-25","LAMPUNG",329,1274,3539,4830,4627,2692,404
"2021-05-26","LAMPUNG",329,1280,3557,4842,4650,2705,407
"2021-05-29","LAMPUNG",336,1304,3599,4907,4713,2743,407
"2021-05-31","LAMPUNG",338,1319,3641,4953,4757,2782,407
"2021-06-02","LAMPUNG",339,1330,3665,5004,4819,2819,408
"2021-06-10","LAMPUNG",350,1388,3793,5192,5042,2989,412
"2021-06-12","LAMPUNG",354,1397,3835,5249,5078,3026,412
"2021-06-13","LAMPUNG",355,1406,3852,5277,5107,3055,412
"2021-03-24","MALUKU",89,580,2037,2570,1383,421,203
"2021-03-28","MALUKU",89,584,2048,2589,1394,430,206
"2021-04-07","MALUKU",90,588,2060,2598,1403,440,213
"2021-04-12","MALUKU",90,591,2065,2618,1413,440,218
"2021-04-15","MALUKU",90,591,2066,2630,1417,443,218
"2021-04-16","MALUKU",90,591,2066,2633,1419,443,218
"2021-04-17","MALUKU",91,592,2067,2636,1424,445,218
"2021-04-18","MALUKU",92,593,2068,2639,1429,447,218
"2021-04-19","MALUKU",92,593,2070,2639,1429,447,218
"2021-04-20","MALUKU",92,594,2070,2639,1429,447,218
"2021-04-21","MALUKU",92,596,2071,2641,1431,448,220
"2021-04-22","MALUKU",92,596,2071,2641,1431,448,220
"2021-04-23","MALUKU",92,596,2071,2644,1434,450,220
"2021-04-24","MALUKU",92,596,2071,2644,1434,450,220
"2021-04-25","MALUKU",92,596,2074,2646,1436,451,220
"2021-04-26","MALUKU",92,596,2074,2646,1436,451,220
"2021-04-27","MALUKU",92,596,2074,2646,1436,451,220
"2021-04-30","MALUKU",92,597,2080,2647,1437,453,224
"2021-05-01","MALUKU",92,597,2080,2647,1437,453,224
"2021-05-02","MALUKU",92,597,2081,2648,1438,454,225
"2021-05-04","MALUKU",92,599,2085,2652,1440,454,227
"2021-05-06","MALUKU",93,600,2090,2658,1446,455,232
"2021-05-08","MALUKU",93,603,2098,2664,1448,455,232
"2021-05-10","MALUKU",93,603,2098,2664,1449,455,234
"2021-05-13","MALUKU",93,603,2098,2664,1449,456,234
"2021-05-14","MALUKU",94,604,2103,2677,1457,458,236
"2021-05-16","MALUKU",94,605,2104,2680,1458,459,236
"2021-05-19","MALUKU",94,605,2110,2687,1459,461,240
"2021-05-25","MALUKU",96,610,2128,2701,1467,464,252
"2021-05-26","MALUKU",96,610,2128,2701,1467,464,252
"2021-05-29","MALUKU",96,611,2135,2708,1472,467,252
"2021-05-31","MALUKU",96,612,2135,2709,1472,468,252
"2021-06-02","MALUKU",96,612,2135,2709,1472,468,252
"2021-06-10","MALUKU",98,613,2154,2728,1492,476,267
"2021-06-12","MALUKU",98,613,2164,2738,1494,480,269
"2021-06-13","MALUKU",98,615,2178,2749,1497,481,269
"2021-03-24","MALUKU UTARA",71,240,1261,1471,716,269,256
"2021-03-28","MALUKU UTARA",71,241,1264,1481,722,269,256
"2021-04-07","MALUKU UTARA",72,245,1276,1497,734,271,256
"2021-04-12","MALUKU UTARA",72,246,1276,1499,737,271,256
"2021-04-15","MALUKU UTARA",72,246,1281,1502,741,271,256
"2021-04-16","MALUKU UTARA",72,246,1281,1504,741,271,256
"2021-04-17","MALUKU UTARA",72,246,1282,1506,744,271,256
"2021-04-18","MALUKU UTARA",72,246,1283,1506,746,272,256
"2021-04-19","MALUKU UTARA",72,246,1284,1506,746,272,256
"2021-04-20","MALUKU UTARA",72,246,1285,1510,746,272,256
"2021-04-21","MALUKU UTARA",72,247,1287,1515,749,272,256
"2021-04-22","MALUKU UTARA",72,247,1287,1515,750,272,256
"2021-04-23","MALUKU UTARA",72,247,1287,1518,750,272,256
"2021-04-24","MALUKU UTARA",72,248,1289,1521,750,272,256
"2021-04-25","MALUKU UTARA",72,249,1289,1522,752,273,256
"2021-04-26","MALUKU UTARA",72,249,1289,1522,752,273,256
"2021-04-27","MALUKU UTARA",72,249,1290,1522,752,273,256
"2021-04-30","MALUKU UTARA",72,249,1290,1525,752,273,256
"2021-05-01","MALUKU UTARA",72,249,1290,1525,752,273,256
"2021-05-02","MALUKU UTARA",72,249,1290,1525,752,273,256
"2021-05-04","MALUKU UTARA",72,249,1291,1527,753,273,256
"2021-05-06","MALUKU UTARA",72,252,1293,1529,754,274,256
"2021-05-08","MALUKU UTARA",72,252,1293,1529,757,274,256
"2021-05-10","MALUKU UTARA",72,252,1294,1529,757,274,256
"2021-05-13","MALUKU UTARA",72,252,1299,1531,757,274,256
"2021-05-14","MALUKU UTARA",72,252,1299,1531,757,274,256
"2021-05-16","MALUKU UTARA",72,252,1301,1536,758,274,256
"2021-05-19","MALUKU UTARA",72,252,1304,1537,759,275,256
"2021-05-25","MALUKU UTARA",72,253,1318,1547,767,276,256
"2021-05-26","MALUKU UTARA",72,253,1319,1548,767,276,256
"2021-05-29","MALUKU UTARA",72,254,1321,1549,767,277,256
"2021-05-31","MALUKU UTARA",73,258,1326,1558,770,277,256
"2021-06-02","MALUKU UTARA",73,258,1327,1559,771,278,256
"2021-06-10","MALUKU UTARA",74,259,1345,1585,784,281,256
"2021-06-12","MALUKU UTARA",74,259,1348,1592,790,281,256
"2021-06-13","MALUKU UTARA",74,259,1352,1599,792,281,256
"2021-03-24","NUSA TENGGARA BARAT",239,603,2628,3018,1830,1020,23
"2021-03-28","NUSA TENGGARA BARAT",245,607,2652,3041,1856,1035,24
"2021-04-07","NUSA TENGGARA BARAT",250,627,2710,3106,1934,1080,24
"2021-04-12","NUSA TENGGARA BARAT",252,633,2735,3152,1962,1108,25
"2021-04-15","NUSA TENGGARA BARAT",252,638,2742,3169,1978,1119,25
"2021-04-16","NUSA TENGGARA BARAT",254,646,2754,3185,2002,1142,26
"2021-04-17","NUSA TENGGARA BARAT",255,648,2760,3196,2012,1145,26
"2021-04-18","NUSA TENGGARA BARAT",255,648,2760,3196,2012,1145,26
"2021-04-19","NUSA TENGGARA BARAT",255,651,2771,3212,2028,1151,26
"2021-04-20","NUSA TENGGARA BARAT",255,651,2774,3218,2033,1155,26
"2021-04-21","NUSA TENGGARA BARAT",256,653,2783,3224,2049,1163,26
"2021-04-22","NUSA TENGGARA BARAT",256,654,2784,3230,2056,1164,26
"2021-04-23","NUSA TENGGARA BARAT",256,654,2784,3230,2057,1164,26
"2021-04-24","NUSA TENGGARA BARAT",256,654,2784,3230,2057,1164,26
"2021-04-25","NUSA TENGGARA BARAT",256,654,2784,3231,2058,1165,26
"2021-04-26","NUSA TENGGARA BARAT",258,657,2797,3245,2072,1177,26
"2021-04-27","NUSA TENGGARA BARAT",262,661,2815,3263,2081,1183,26
"2021-04-30","NUSA TENGGARA BARAT",267,675,2845,3304,2114,1209,27
"2021-05-01","NUSA TENGGARA BARAT",267,675,2849,3309,2119,1213,27
"2021-05-02","NUSA TENGGARA BARAT",269,675,2856,3317,2125,1219,27
"2021-05-04","NUSA TENGGARA BARAT",271,681,2906,3368,2155,1239,27
"2021-05-06","NUSA TENGGARA BARAT",271,682,2919,3377,2169,1247,27
"2021-05-08","NUSA TENGGARA BARAT",272,686,2931,3386,2186,1255,27
"2021-05-10","NUSA TENGGARA BARAT",272,689,2938,3393,2198,1257,27
"2021-05-13","NUSA TENGGARA BARAT",273,694,2945,3406,2209,1261,27
"2021-05-14","NUSA TENGGARA BARAT",273,695,2948,3407,2212,1265,27
"2021-05-16","NUSA TENGGARA BARAT",273,695,2952,3413,2220,1270,27
"2021-05-19","NUSA TENGGARA BARAT",274,706,2976,3446,2246,1291,27
"2021-05-25","NUSA TENGGARA BARAT",276,715,3007,3493,2272,1324,27
"2021-05-26","NUSA TENGGARA BARAT",277,717,3008,3499,2279,1329,27
"2021-05-29","NUSA TENGGARA BARAT",286,746,3128,3642,2394,1419,27
"2021-05-31","NUSA TENGGARA BARAT",295,768,3197,3750,2466,1453,26
"2021-06-02","NUSA TENGGARA BARAT",300,778,3242,3822,2513,1480,26
"2021-06-10","NUSA TENGGARA BARAT",323,802,3336,3944,2600,1538,28
"2021-06-12","NUSA TENGGARA BARAT",324,807,3349,3954,2608,1541,28
"2021-06-13","NUSA TENGGARA BARAT",325,807,3350,3958,2611,1542,28
"2021-03-24","NUSA TENGGARA TIMUR",226,1120,3441,3672,2266,1081,206
"2021-03-28","NUSA TENGGARA TIMUR",227,1138,3478,3722,2310,1100,206
"2021-04-07","NUSA TENGGARA TIMUR",240,1199,3604,3868,2397,1170,206
"2021-04-12","NUSA TENGGARA TIMUR",246,1216,3651,3911,2434,1178,206
"2021-04-15","NUSA TENGGARA TIMUR",248,1223,3664,3929,2450,1189,362
"2021-04-16","NUSA TENGGARA TIMUR",252,1245,3692,3966,2477,1202,362
"2021-04-17","NUSA TENGGARA TIMUR",252,1246,3699,3973,2482,1207,361
"2021-04-18","NUSA TENGGARA TIMUR",252,1246,3701,3973,2482,1209,361
"2021-04-19","NUSA TENGGARA TIMUR",252,1249,3705,3983,2488,1212,361
"2021-04-20","NUSA TENGGARA TIMUR",260,1270,3768,4072,2530,1237,361
"2021-04-21","NUSA TENGGARA TIMUR",264,1315,3844,4145,2556,1251,407
"2021-04-22","NUSA TENGGARA TIMUR",266,1338,3875,4180,2578,1263,407
"2021-04-23","NUSA TENGGARA TIMUR",266,1345,3878,4186,2586,1266,407
"2021-04-24","NUSA TENGGARA TIMUR",268,1350,3905,4195,2590,1272,407
"2021-04-25","NUSA TENGGARA TIMUR",267,1352,3908,4196,2592,1279,407
"2021-04-26","NUSA TENGGARA TIMUR",271,1363,3921,4217,2603,1290,407
"2021-04-27","NUSA TENGGARA TIMUR",273,1384,3956,4252,2633,1306,396
"2021-04-30","NUSA TENGGARA TIMUR",292,1412,3980,4303,2662,1339,365
"2021-05-01","NUSA TENGGARA TIMUR",292,1418,3990,4304,2667,1348,365
"2021-05-02","NUSA TENGGARA TIMUR",296,1605,4017,4324,2679,1350,365
"2021-05-04","NUSA TENGGARA TIMUR",299,1616,4045,4358,2703,1370,365
"2021-05-06","NUSA TENGGARA TIMUR",311,1677,4115,4439,2774,1403,365
"2021-05-08","NUSA TENGGARA TIMUR",321,1718,4148,4477,2807,1414,365
"2021-05-10","NUSA TENGGARA TIMUR",320,1735,4178,4505,2830,1429,365
"2021-05-13","NUSA TENGGARA TIMUR",325,1762,4204,4540,2861,1443,365
"2021-05-14","NUSA TENGGARA TIMUR",327,1771,4218,4562,2885,1450,364
"2021-05-16","NUSA TENGGARA TIMUR",327,1773,4219,4563,2886,1450,364
"2021-05-19","NUSA TENGGARA TIMUR",331,1815,4243,4586,2899,1457,364
"2021-05-25","NUSA TENGGARA TIMUR",334,1857,4288,4628,2939,1476,364
"2021-05-26","NUSA TENGGARA TIMUR",335,1858,4297,4635,2940,1478,364
"2021-05-29","NUSA TENGGARA TIMUR",338,1879,4331,4698,2979,1515,345
"2021-05-31","NUSA TENGGARA TIMUR",342,1903,4394,4745,2997,1530,349
"2021-06-02","NUSA TENGGARA TIMUR",348,1912,4407,4769,3012,1532,349
"2021-06-10","NUSA TENGGARA TIMUR",377,2048,4548,4975,3148,1600,348
"2021-06-12","NUSA TENGGARA TIMUR",382,2060,4562,4989,3158,1607,346
"2021-06-13","NUSA TENGGARA TIMUR",384,2065,4574,5012,3167,1616,346
"2021-03-24","PAPUA",553,1619,5369,6258,3722,1071,496
"2021-03-28","PAPUA",563,1660,5452,6371,3784,1103,496
"2021-04-07","PAPUA",574,1695,5580,6478,3842,1123,496
"2021-04-12","PAPUA",581,1716,5645,6562,3906,1146,496
"2021-04-15","PAPUA",585,1722,5661,6590,3917,1156,496
"2021-04-16","PAPUA",586,1727,5674,6604,3925,1159,496
"2021-04-17","PAPUA",588,1728,5677,6609,3927,1159,496
"2021-04-18","PAPUA",588,1728,5678,6612,3929,1159,496
"2021-04-19","PAPUA",588,1730,5685,6621,3935,1164,496
"2021-04-20","PAPUA",588,1731,5688,6625,3940,1166,496
"2021-04-21","PAPUA",589,1737,5690,6627,3950,1169,496
"2021-04-22","PAPUA",591,1738,5691,6633,3953,1169,496
"2021-04-23","PAPUA",591,1738,5694,6634,3955,1171,496
"2021-04-24","PAPUA",591,1738,5696,6635,3957,1171,496
"2021-04-25","PAPUA",591,1740,5697,6637,3959,1172,496
"2021-04-26","PAPUA",591,1740,5698,6638,3959,1172,496
"2021-04-27","PAPUA",592,1741,5702,6642,3963,1172,496
"2021-04-30","PAPUA",593,1747,5720,6658,3975,1176,496
"2021-05-01","PAPUA",593,1747,5720,6658,3975,1176,496
"2021-05-02","PAPUA",593,1747,5720,6658,3975,1176,496
"2021-05-04","PAPUA",593,1747,5721,6659,3975,1177,496
"2021-05-06","PAPUA",594,1758,5728,6674,3981,1177,496
"2021-05-08","PAPUA",594,1758,5728,6675,3981,1177,498
"2021-05-10","PAPUA",595,1758,5733,6679,3984,1181,498
"2021-05-13","PAPUA",595,1760,5734,6680,3985,1181,498
"2021-05-14","PAPUA",595,1760,5734,6680,3985,1181,498
"2021-05-16","PAPUA",595,1760,5734,6680,3985,1181,498
"2021-05-19","PAPUA",595,1760,5734,6680,3985,1181,498
"2021-05-25","PAPUA",596,1766,5740,6688,3990,1183,498
"2021-05-26","PAPUA",596,1766,5740,6688,3990,1183,498
"2021-05-29","PAPUA",596,1766,5740,6688,3990,1183,498
"2021-05-31","PAPUA",596,1766,5740,6688,3990,1183,498
"2021-06-02","PAPUA",596,1766,5740,6688,3990,1183,498
"2021-06-10","PAPUA",596,1775,5760,6717,3997,1186,512
"2021-06-12","PAPUA",596,1777,5776,6737,4005,1190,512
"2021-06-13","PAPUA",596,1777,5780,6739,4007,1190,512
"2021-03-24","PAPUA BARAT",255,769,2588,2711,1285,501,40
"2021-03-28","PAPUA BARAT",260,779,2619,2743,1303,520,40
"2021-04-07","PAPUA BARAT",266,797,2666,2807,1332,543,41
"2021-04-12","PAPUA BARAT",266,812,2687,2822,1357,558,41
"2021-04-15","PAPUA BARAT",268,821,2723,2850,1373,571,42
"2021-04-16","PAPUA BARAT",268,826,2730,2860,1379,571,42
"2021-04-17","PAPUA BARAT",269,829,2733,2865,1386,579,42
"2021-04-18","PAPUA BARAT",269,832,2738,2870,1387,582,42
"2021-04-19","PAPUA BARAT",270,835,2740,2871,1389,581,42
"2021-04-20","PAPUA BARAT",270,836,2743,2876,1390,584,42
"2021-04-21","PAPUA BARAT",270,841,2746,2879,1391,584,42
"2021-04-22","PAPUA BARAT",272,844,2754,2888,1397,586,42
"2021-04-23","PAPUA BARAT",272,847,2759,2900,1398,589,42
"2021-04-24","PAPUA BARAT",273,848,2762,2905,1404,593,42
"2021-04-25","PAPUA BARAT",273,849,2761,2906,1405,594,42
"2021-04-26","PAPUA BARAT",273,851,2762,2910,1407,596,42
"2021-04-27","PAPUA BARAT",274,857,2769,2921,1415,601,42
"2021-04-30","PAPUA BARAT",275,863,2778,2940,1422,622,42
"2021-05-01","PAPUA BARAT",276,864,2787,2948,1434,623,42
"2021-05-02","PAPUA BARAT",278,864,2788,2951,1439,624,42
"2021-05-04","PAPUA BARAT",280,868,2793,2959,1442,624,42
"2021-05-06","PAPUA BARAT",281,875,2800,2968,1445,630,42
"2021-05-08","PAPUA BARAT",285,880,2810,2977,1454,633,42
"2021-05-10","PAPUA BARAT",286,880,2816,2980,1457,634,42
"2021-05-13","PAPUA BARAT",289,888,2827,2994,1464,636,43
"2021-05-14","PAPUA BARAT",290,888,2828,2995,1464,636,43
"2021-05-16","PAPUA BARAT",290,890,2830,2999,1466,637,43
"2021-05-19","PAPUA BARAT",291,891,2839,3006,1473,639,43
"2021-05-25","PAPUA BARAT",292,894,2847,3022,1482,658,56
"2021-05-26","PAPUA BARAT",292,894,2848,3028,1486,661,56
"2021-05-29","PAPUA BARAT",294,896,2850,3035,1496,667,56
"2021-05-31","PAPUA BARAT",294,899,2856,3040,1504,667,56
"2021-06-02","PAPUA BARAT",294,901,2862,3044,1506,667,56
"2021-06-10","PAPUA BARAT",295,912,2885,3070,1529,675,56
"2021-06-12","PAPUA BARAT",295,914,2894,3076,1534,681,56
"2021-06-13","PAPUA BARAT",296,916,2894,3079,1537,686,56
"2021-03-24","RIAU",1255,3853,8299,10541,7076,2738,103
"2021-03-28","RIAU",1274,3915,8421,10702,7185,2791,103
"2021-04-07","RIAU",1329,4105,8763,11171,7574,2963,103
"2021-04-12","RIAU",1374,4222,9018,11486,7835,3103,103
"2021-04-15","RIAU",1403,4309,9202,11738,8057,3186,103
"2021-04-16","RIAU",1416,4328,9255,11794,8119,3217,104
"2021-04-17","RIAU",1426,4363,9314,11903,8200,3243,104
"2021-04-18","RIAU",1435,4401,9387,11996,8281,3279,104
"2021-04-19","RIAU",1446,4418,9448,12041,8338,3315,104
"2021-04-20","RIAU",1464,4466,9533,12147,8444,3362,104
"2021-04-21","RIAU",1480,4493,9647,12295,8551,3408,106
"2021-04-22","RIAU",1497,4547,9734,12412,8645,3458,106
"2021-04-23","RIAU",1515,4599,9842,12572,8747,3495,106
"2021-04-24","RIAU",1531,4646,9929,12699,8859,3527,106
"2021-04-25","RIAU",1542,4692,10013,12823,8954,3571,106
"2021-04-26","RIAU",1564,4760,10150,13017,9066,3652,106
"2021-04-27","RIAU",1576,4792,10232,13139,9158,3695,106
"2021-04-30","RIAU",1630,4959,10602,13581,9531,3867,107
"2021-05-01","RIAU",1642,4991,10664,13707,9623,3919,108
"2021-05-02","RIAU",1666,5081,10798,13876,9742,3966,108
"2021-05-04","RIAU",1687,5149,11013,14118,9927,4059,108
"2021-05-06","RIAU",1720,5282,11263,14442,10155,4181,108
"2021-05-08","RIAU",1766,5426,11560,14865,10401,4306,108
"2021-05-10","RIAU",1795,5549,11761,15175,10636,4413,108
"2021-05-13","RIAU",1854,5727,12161,15609,10992,4609,108
"2021-05-14","RIAU",1857,5734,12177,15645,11021,4630,108
"2021-05-16","RIAU",1872,5769,12275,15786,11157,4706,108
"2021-05-19","RIAU",1905,5846,12507,16099,11365,4866,108
"2021-05-25","RIAU",2036,6209,13379,17124,12083,5228,108
"2021-05-26","RIAU",2063,6290,13565,17332,12245,5303,108
"2021-05-29","RIAU",2136,6527,14064,17933,12639,5463,109
"2021-05-31","RIAU",2185,6679,14359,18310,12871,5556,110
"2021-06-02","RIAU",2244,6807,14647,18621,13048,5660,110
"2021-06-10","RIAU",2369,7214,15541,19623,13796,5989,111
"2021-06-12","RIAU",2388,7294,15744,19852,13973,6056,111
"2021-06-13","RIAU",2396,7325,15823,19948,14050,6087,111
"2021-03-24","SULAWESI BARAT",89,801,1527,1745,787,392,17
"2021-03-28","SULAWESI BARAT",90,802,1526,1747,788,393,17
"2021-04-07","SULAWESI BARAT",90,803,1528,1751,792,394,17
"2021-04-12","SULAWESI BARAT",90,806,1533,1752,796,395,18
"2021-04-15","SULAWESI BARAT",90,808,1534,1755,798,395,18
"2021-04-16","SULAWESI BARAT",90,809,1534,1757,798,396,18
"2021-04-17","SULAWESI BARAT",90,809,1535,1757,798,396,18
"2021-04-18","SULAWESI BARAT",90,810,1535,1757,798,396,18
"2021-04-19","SULAWESI BARAT",90,810,1535,1758,799,398,18
"2021-04-20","SULAWESI BARAT",90,811,1536,1758,803,398,18
"2021-04-21","SULAWESI BARAT",90,811,1536,1762,808,399,18
"2021-04-22","SULAWESI BARAT",91,813,1537,1763,808,401,18
"2021-04-23","SULAWESI BARAT",91,814,1537,1763,809,401,18
"2021-04-24","SULAWESI BARAT",91,814,1539,1764,809,401,18
"2021-04-25","SULAWESI BARAT",91,817,1539,1765,809,403,18
"2021-04-26","SULAWESI BARAT",91,816,1539,1765,808,405,18
"2021-04-27","SULAWESI BARAT",91,817,1539,1765,808,405,18
"2021-04-30","SULAWESI BARAT",91,817,1541,1765,809,406,18
"2021-05-01","SULAWESI BARAT",91,817,1541,1766,811,406,18
"2021-05-02","SULAWESI BARAT",91,821,1545,1773,815,409,18
"2021-05-04","SULAWESI BARAT",91,822,1545,1774,815,409,18
"2021-05-06","SULAWESI BARAT",91,822,1546,1774,814,410,18
"2021-05-08","SULAWESI BARAT",91,822,1546,1773,814,412,18
"2021-05-10","SULAWESI BARAT",91,823,1547,1775,814,413,18
"2021-05-13","SULAWESI BARAT",91,823,1548,1779,814,413,18
"2021-05-14","SULAWESI BARAT",91,823,1548,1779,814,413,18
"2021-05-16","SULAWESI BARAT",91,824,1549,1780,815,414,18
"2021-05-19","SULAWESI BARAT",91,825,1550,1780,816,416,18
"2021-05-25","SULAWESI BARAT",91,825,1550,1782,816,416,18
"2021-05-26","SULAWESI BARAT",91,825,1550,1782,816,416,18
"2021-05-29","SULAWESI BARAT",91,827,1551,1782,816,416,18
"2021-05-31","SULAWESI BARAT",91,827,1551,1782,816,416,18
"2021-06-02","SULAWESI BARAT",91,827,1556,1782,817,418,18
"2021-06-10","SULAWESI BARAT",91,834,1581,1823,827,423,19
"2021-06-12","SULAWESI BARAT",91,835,1584,1826,834,424,19
"2021-06-13","SULAWESI BARAT",91,835,1584,1826,834,424,19
"2021-03-24","SULAWESI SELATAN",1279,4606,16449,18267,10725,4816,3075
"2021-03-28","SULAWESI SELATAN",1289,4622,16496,18313,10756,4837,3073
"2021-04-07","SULAWESI SELATAN",1319,4697,16795,18621,10915,4910,3054
"2021-04-12","SULAWESI SELATAN",1334,4736,16935,18737,10990,4950,3031
"2021-04-15","SULAWESI SELATAN",1346,4771,17041,18862,11049,4976,2973
"2021-04-16","SULAWESI SELATAN",1348,4778,17059,18881,11060,4983,2954
"2021-04-17","SULAWESI SELATAN",1351,4783,17074,18899,11067,4989,2935
"2021-04-18","SULAWESI SELATAN",1353,4786,17083,18907,11072,4993,2926
"2021-04-19","SULAWESI SELATAN",1356,4789,17092,18924,11077,4996,2903
"2021-04-20","SULAWESI SELATAN",1362,4796,17116,18967,11092,5008,2874
"2021-04-21","SULAWESI SELATAN",1365,4801,17137,18990,11106,5016,2865
"2021-04-22","SULAWESI SELATAN",1367,4807,17147,18999,11111,5021,2848
"2021-04-23","SULAWESI SELATAN",1369,4809,17160,19005,11116,5027,2841
"2021-04-24","SULAWESI SELATAN",1370,4812,17171,19011,11120,5028,2829
"2021-04-25","SULAWESI SELATAN",1371,4814,17172,19012,11123,5032,2824
"2021-04-26","SULAWESI SELATAN",1373,4815,17177,19014,11127,5036,2820
"2021-04-27","SULAWESI SELATAN",1376,4819,17191,19036,11141,5041,2815
"2021-04-30","SULAWESI SELATAN",1384,4830,17238,19066,11165,5058,2754
"2021-05-01","SULAWESI SELATAN",1390,4838,17257,19079,11179,5064,2713
"2021-05-02","SULAWESI SELATAN",1390,4838,17260,19081,11180,5064,2711
"2021-05-04","SULAWESI SELATAN",1392,4837,17277,19092,11184,5065,2711
"2021-05-06","SULAWESI SELATAN",1392,4838,17294,19108,11194,5074,2681
"2021-05-08","SULAWESI SELATAN",1393,4847,17315,19121,11201,5082,2666
"2021-05-10","SULAWESI SELATAN",1393,4850,17327,19135,11208,5085,2665
"2021-05-13","SULAWESI SELATAN",1393,4856,17343,19147,11217,5092,2654
"2021-05-14","SULAWESI SELATAN",1393,4856,17347,19148,11217,5093,2654
"2021-05-16","SULAWESI SELATAN",1393,4857,17351,19155,11222,5095,2641
"2021-05-19","SULAWESI SELATAN",1393,4863,17389,19201,11235,5107,2607
"2021-05-25","SULAWESI SELATAN",1404,4885,17460,19265,11279,5120,2602
"2021-05-26","SULAWESI SELATAN",1404,4885,17463,19270,11280,5120,2602
"2021-05-29","SULAWESI SELATAN",1406,4893,17480,19299,11294,5133,2602
"2021-05-31","SULAWESI SELATAN",1407,4903,17501,19308,11313,5142,2602
"2021-06-02","SULAWESI SELATAN",1408,4911,17518,19325,11318,5147,2602
"2021-06-10","SULAWESI SELATAN",1421,4933,17652,19432,11363,5184,2602
"2021-06-12","SULAWESI SELATAN",1421,4937,17678,19449,11374,5194,2602
"2021-06-13","SULAWESI SELATAN",1421,4941,17682,19452,11379,5195,2602
"2021-03-24","SULAWESI TENGAH",213,710,3227,3540,2040,922,367
"2021-03-28","SULAWESI TENGAH",215,711,3257,3570,2058,930,367
"2021-04-07","SULAWESI TENGAH",226,754,3332,3660,2115,969,368
"2021-04-12","SULAWESI TENGAH",229,763,3364,3701,2160,992,370
"2021-04-15","SULAWESI TENGAH",233,767,3401,3745,2194,1012,370
"2021-04-16","SULAWESI TENGAH",233,768,3408,3749,2203,1017,370
"2021-04-17","SULAWESI TENGAH",237,768,3443,3758,2217,1025,370
"2021-04-18","SULAWESI TENGAH",237,768,3445,3759,2220,1026,370
"2021-04-19","SULAWESI TENGAH",244,774,3471,3784,2232,1031,370
"2021-04-20","SULAWESI TENGAH",244,776,3477,3787,2235,1032,370
"2021-04-21","SULAWESI TENGAH",244,777,3481,3797,2242,1036,370
"2021-04-22","SULAWESI TENGAH",244,777,3481,3800,2243,1039,370
"2021-04-23","SULAWESI TENGAH",244,778,3492,3815,2246,1047,370
"2021-04-24","SULAWESI TENGAH",244,783,3507,3832,2253,1049,370
"2021-04-25","SULAWESI TENGAH",245,784,3508,3835,2254,1051,370
"2021-04-26","SULAWESI TENGAH",247,788,3515,3848,2265,1053,370
"2021-04-27","SULAWESI TENGAH",250,791,3528,3867,2265,1054,370
"2021-04-30","SULAWESI TENGAH",258,805,3571,3913,2292,1073,370
"2021-05-01","SULAWESI TENGAH",259,805,3578,3920,2296,1074,370
"2021-05-02","SULAWESI TENGAH",259,805,3588,3922,2296,1076,370
"2021-05-04","SULAWESI TENGAH",261,811,3616,3937,2314,1085,370
"2021-05-06","SULAWESI TENGAH",264,817,3637,3962,2331,1089,370
"2021-05-08","SULAWESI TENGAH",265,824,3643,3981,2338,1096,370
"2021-05-10","SULAWESI TENGAH",265,827,3646,3985,2345,1102,370
"2021-05-13","SULAWESI TENGAH",267,842,3676,4029,2364,1117,370
"2021-05-14","SULAWESI TENGAH",267,843,3677,4035,2366,1123,370
"2021-05-16","SULAWESI TENGAH",267,843,3678,4037,2366,1124,370
"2021-05-19","SULAWESI TENGAH",268,845,3687,4050,2373,1131,370
"2021-05-25","SULAWESI TENGAH",270,849,3705,4071,2392,1145,370
"2021-05-26","SULAWESI TENGAH",270,852,3705,4077,2396,1149,370
"2021-05-29","SULAWESI TENGAH",271,857,3711,4091,2412,1167,370
"2021-05-31","SULAWESI TENGAH",271,858,3715,4095,2416,1171,370
"2021-06-02","SULAWESI TENGAH",272,859,3725,4104,2424,1178,370
"2021-06-10","SULAWESI TENGAH",273,876,3755,4138,2445,1196,370
"2021-06-12","SULAWESI TENGAH",273,879,3756,4143,2449,1201,370
"2021-06-13","SULAWESI TENGAH",273,879,3757,4148,2451,1202,370
"2021-03-24","SULAWESI TENGGARA",173,661,3243,3513,1793,726,116
"2021-03-28","SULAWESI TENGGARA",173,662,3248,3520,1800,730,116
"2021-04-07","SULAWESI TENGGARA",175,667,3255,3537,1813,735,116
"2021-04-12","SULAWESI TENGGARA",175,667,3260,3545,1816,740,116
"2021-04-15","SULAWESI TENGGARA",175,667,3262,3547,1818,740,116
"2021-04-16","SULAWESI TENGGARA",176,668,3263,3547,1819,742,116
"2021-04-17","SULAWESI TENGGARA",176,668,3263,3549,1821,742,116
"2021-04-18","SULAWESI TENGGARA",176,668,3268,3556,1821,742,116
"2021-04-19","SULAWESI TENGGARA",176,668,3270,3559,1822,742,116
"2021-04-20","SULAWESI TENGGARA",176,668,3272,3561,1825,743,116
"2021-04-21","SULAWESI TENGGARA",176,668,3272,3562,1825,743,116
"2021-04-22","SULAWESI TENGGARA",177,669,3276,3564,1827,743,116
"2021-04-23","SULAWESI TENGGARA",177,671,3278,3566,1830,744,116
"2021-04-24","SULAWESI TENGGARA",177,671,3280,3567,1830,744,116
"2021-04-25","SULAWESI TENGGARA",177,671,3281,3567,1830,745,116
"2021-04-26","SULAWESI TENGGARA",177,671,3281,3569,1831,745,116
"2021-04-27","SULAWESI TENGGARA",177,671,3282,3572,1832,746,116
"2021-04-30","SULAWESI TENGGARA",177,672,3295,3574,1836,750,116
"2021-05-01","SULAWESI TENGGARA",177,674,3295,3576,1839,750,116
"2021-05-02","SULAWESI TENGGARA",177,674,3295,3576,1839,750,116
"2021-05-04","SULAWESI TENGGARA",178,675,3296,3576,1839,751,116
"2021-05-06","SULAWESI TENGGARA",178,675,3300,3579,1841,754,116
"2021-05-08","SULAWESI TENGGARA",179,677,3301,3582,1841,754,116
"2021-05-10","SULAWESI TENGGARA",180,678,3302,3582,1843,754,116
"2021-05-13","SULAWESI TENGGARA",181,679,3304,3588,1847,755,116
"2021-05-14","SULAWESI TENGGARA",181,679,3304,3588,1847,755,116
"2021-05-16","SULAWESI TENGGARA",181,679,3304,3588,1847,755,116
"2021-05-19","SULAWESI TENGGARA",181,679,3307,3587,1852,755,116
"2021-05-25","SULAWESI TENGGARA",182,680,3312,3590,1857,759,118
"2021-05-26","SULAWESI TENGGARA",182,680,3312,3590,1857,759,118
"2021-05-29","SULAWESI TENGGARA",183,681,3316,3597,1858,761,116
"2021-05-31","SULAWESI TENGGARA",183,682,3317,3598,1861,763,116
"2021-06-02","SULAWESI TENGGARA",183,683,3317,3599,1863,763,116
"2021-06-10","SULAWESI TENGGARA",186,686,3329,3615,1875,767,116
"2021-06-12","SULAWESI TENGGARA",186,687,3333,3619,1878,769,116
"2021-06-13","SULAWESI TENGGARA",186,690,3335,3620,1879,770,116
"2021-03-24","SULAWESI UTARA",260,984,3636,4697,3514,2041,149
"2021-03-28","SULAWESI UTARA",262,990,3656,4708,3532,2054,149
"2021-04-07","SULAWESI UTARA",262,992,3669,4719,3552,2061,149
"2021-04-12","SULAWESI UTARA",262,993,3686,4720,3559,2061,149
"2021-04-15","SULAWESI UTARA",262,994,3704,4727,3569,2068,149
"2021-04-16","SULAWESI UTARA",262,994,3706,4727,3572,2069,149
"2021-04-17","SULAWESI UTARA",262,994,3708,4727,3573,2069,149
"2021-04-18","SULAWESI UTARA",262,994,3710,4727,3573,2069,149
"2021-04-19","SULAWESI UTARA",262,994,3711,4728,3577,2069,149
"2021-04-20","SULAWESI UTARA",262,994,3711,4728,3579,2069,149
"2021-04-21","SULAWESI UTARA",262,994,3712,4728,3579,2069,149
"2021-04-22","SULAWESI UTARA",262,994,3718,4732,3588,2071,149
"2021-04-23","SULAWESI UTARA",262,995,3753,4746,3597,2077,149
"2021-04-24","SULAWESI UTARA",262,995,3755,4746,3598,2080,149
"2021-04-25","SULAWESI UTARA",262,997,3774,4758,3609,2082,149
"2021-04-26","SULAWESI UTARA",262,997,3774,4759,3611,2082,149
"2021-04-27","SULAWESI UTARA",262,997,3776,4759,3613,2082,149
"2021-04-30","SULAWESI UTARA",262,998,3778,4761,3617,2085,149
"2021-05-01","SULAWESI UTARA",262,998,3779,4761,3619,2088,149
"2021-05-02","SULAWESI UTARA",263,998,3779,4761,3619,2088,149
"2021-05-04","SULAWESI UTARA",263,997,3780,4762,3621,2091,149
"2021-05-06","SULAWESI UTARA",263,997,3780,4763,3622,2091,149
"2021-05-08","SULAWESI UTARA",263,1002,3778,4770,3627,2092,149
"2021-05-10","SULAWESI UTARA",263,1002,3778,4770,3627,2093,149
"2021-05-13","SULAWESI UTARA",263,1003,3792,4777,3640,2099,149
"2021-05-14","SULAWESI UTARA",263,1003,3792,4777,3640,2099,149
"2021-05-16","SULAWESI UTARA",263,1003,3792,4777,3640,2099,149
"2021-05-19","SULAWESI UTARA",263,1003,3793,4777,3642,2100,149
"2021-05-25","SULAWESI UTARA",265,1005,3798,4783,3649,2107,149
"2021-05-26","SULAWESI UTARA",265,1005,3799,4785,3649,2108,149
"2021-05-29","SULAWESI UTARA",265,1006,3801,4785,3651,2108,149
"2021-05-31","SULAWESI UTARA",265,1006,3803,4786,3652,2111,149
"2021-06-02","SULAWESI UTARA",265,1007,3806,4788,3654,2114,149
"2021-06-10","SULAWESI UTARA",266,1012,3820,4801,3675,2124,146
"2021-06-12","SULAWESI UTARA",267,1015,3824,4804,3678,2124,146
"2021-06-13","SULAWESI UTARA",267,1015,3824,4804,3680,2124,146
"2021-03-24","SUMATERA BARAT",823,3282,7431,8380,6812,3221,1064
"2021-03-28","SUMATERA BARAT",838,3365,7525,8486,6901,3276,1064
"2021-04-07","SUMATERA BARAT",852,3527,7750,8737,7104,3404,1066
"2021-04-12","SUMATERA BARAT",871,3624,7905,8912,7263,3484,1067
"2021-04-15","SUMATERA BARAT",879,3666,7990,9026,7375,3553,1070
"2021-04-16","SUMATERA BARAT",880,3679,8019,9079,7414,3585,1071
"2021-04-17","SUMATERA BARAT",887,3697,8063,9137,7465,3613,1071
"2021-04-18","SUMATERA BARAT",891,3755,8103,9175,7510,3632,1071
"2021-04-19","SUMATERA BARAT",892,3786,8121,9195,7523,3638,1071
"2021-04-20","SUMATERA BARAT",896,3823,8153,9233,7553,3673,1071
"2021-04-21","SUMATERA BARAT",908,3978,8267,9317,7642,3708,1096
"2021-04-22","SUMATERA BARAT",914,4053,8317,9373,7695,3752,1098
"2021-04-23","SUMATERA BARAT",920,4104,8355,9438,7749,3770,1098
"2021-04-24","SUMATERA BARAT",930,4157,8420,9511,7800,3810,1101
"2021-04-25","SUMATERA BARAT",936,4188,8457,9583,7852,3845,1102
"2021-04-26","SUMATERA BARAT",937,4199,8470,9610,7879,3859,1102
"2021-04-27","SUMATERA BARAT",941,4231,8524,9652,7925,3893,1102
"2021-04-30","SUMATERA BARAT",949,4329,8673,9794,8083,4001,1102
"2021-05-01","SUMATERA BARAT",951,4358,8702,9840,8123,4034,1102
"2021-05-02","SUMATERA BARAT",958,4398,8753,9906,8197,4066,1102
"2021-05-04","SUMATERA BARAT",962,4413,8802,9959,8238,4106,1102
"2021-05-06","SUMATERA BARAT",985,4504,8956,10129,8374,4211,1102
"2021-05-08","SUMATERA BARAT",1005,4584,9090,10266,8497,4299,1103
"2021-05-10","SUMATERA BARAT",1022,4642,9213,10379,8616,4368,1103
"2021-05-13","SUMATERA BARAT",1046,4722,9417,10569,8760,4494,1103
"2021-05-14","SUMATERA BARAT",1046,4722,9417,10569,8760,4494,1103
"2021-05-16","SUMATERA BARAT",1051,4728,9443,10596,8793,4538,1103
"2021-05-19","SUMATERA BARAT",1071,4801,9605,10752,8921,4651,1103
"2021-05-25","SUMATERA BARAT",1130,5027,10055,11236,9257,4912,1105
"2021-05-26","SUMATERA BARAT",1140,5056,10138,11304,9319,4948,1107
"2021-05-29","SUMATERA BARAT",1160,5165,10372,11510,9489,5052,1110
"2021-05-31","SUMATERA BARAT",1169,5205,10494,11606,9570,5102,1112
"2021-06-02","SUMATERA BARAT",1181,5243,10587,11707,9657,5176,1116
"2021-06-10","SUMATERA BARAT",1247,5505,11197,12298,10116,5506,1128
"2021-06-12","SUMATERA BARAT",1258,5571,11342,12410,10208,5589,1129
"2021-06-13","SUMATERA BARAT",1261,5589,11421,12482,10274,5618,1129
"2021-03-24","SUMATERA SELATAN",504,1371,3796,4973,3695,2303,409
"2021-03-28","SUMATERA SELATAN",504,1392,3874,5114,3779,2365,415
"2021-04-07","SUMATERA SELATAN",518,1434,4059,5350,3938,2466,423
"2021-04-12","SUMATERA SELATAN",523,1472,4138,5465,4023,2521,424
"2021-04-15","SUMATERA SELATAN",525,1486,4194,5513,4082,2543,424
"2021-04-16","SUMATERA SELATAN",527,1495,4208,5531,4101,2558,424
"2021-04-17","SUMATERA SELATAN",529,1512,4230,5572,4130,2573,424
"2021-04-18","SUMATERA SELATAN",531,1518,4242,5599,4157,2600,424
"2021-04-19","SUMATERA SELATAN",534,1525,4266,5626,4183,2624,424
"2021-04-20","SUMATERA SELATAN",536,1531,4284,5653,4203,2643,425
"2021-04-21","SUMATERA SELATAN",538,1542,4305,5684,4231,2662,425
"2021-04-22","SUMATERA SELATAN",543,1550,4330,5730,4251,2676,426
"2021-04-23","SUMATERA SELATAN",547,1557,4355,5758,4269,2695,426
"2021-04-24","SUMATERA SELATAN",550,1565,4383,5791,4302,2715,426
"2021-04-25","SUMATERA SELATAN",550,1583,4412,5837,4330,2737,427
"2021-04-26","SUMATERA SELATAN",549,1592,4437,5868,4354,2748,427
"2021-04-27","SUMATERA SELATAN",555,1601,4459,5888,4377,2759,429
"2021-04-30","SUMATERA SELATAN",570,1624,4530,5978,4472,2844,430
"2021-05-01","SUMATERA SELATAN",574,1635,4563,6022,4501,2870,430
"2021-05-02","SUMATERA SELATAN",579,1644,4587,6059,4530,2896,430
"2021-05-04","SUMATERA SELATAN",580,1664,4638,6121,4579,2934,433
"2021-05-06","SUMATERA SELATAN",583,1681,4689,6188,4646,2988,433
"2021-05-08","SUMATERA SELATAN",593,1716,4766,6261,4702,3029,433
"2021-05-10","SUMATERA SELATAN",602,1732,4814,6349,4769,3072,433
"2021-05-13","SUMATERA SELATAN",607,1760,4881,6443,4852,3120,433
"2021-05-14","SUMATERA SELATAN",608,1765,4893,6459,4869,3136,433
"2021-05-16","SUMATERA SELATAN",609,1773,4925,6502,4909,3163,433
"2021-05-19","SUMATERA SELATAN",618,1783,4964,6578,4968,3219,433
"2021-05-25","SUMATERA SELATAN",643,1861,5161,6821,5158,3354,437
"2021-05-26","SUMATERA SELATAN",645,1880,5197,6867,5197,3371,437
"2021-05-29","SUMATERA SELATAN",662,1933,5291,7011,5297,3432,442
"2021-05-31","SUMATERA SELATAN",667,1958,5349,7085,5355,3476,442
"2021-06-02","SUMATERA SELATAN",683,1993,5398,7156,5421,3518,442
"2021-06-10","SUMATERA SELATAN",708,2091,5657,7507,5664,3691,444
"2021-06-12","SUMATERA SELATAN",710,2109,5734,7594,5748,3735,444
"2021-06-13","SUMATERA SELATAN",713,2121,5763,7650,5771,3760,445
"2021-03-24","SUMATERA UTARA",553,2249,6240,8053,6130,3100,493
"2021-03-28","SUMATERA UTARA",559,2278,6321,8122,6201,3146,493
"2021-04-07","SUMATERA UTARA",572,2344,6477,8335,6369,3258,493
"2021-04-12","SUMATERA UTARA",584,2380,6552,8449,6449,3313,493
"2021-04-15","SUMATERA UTARA",586,2398,6599,8488,6504,3347,493
"2021-04-16","SUMATERA UTARA",590,2402,6613,8509,6518,3356,493
"2021-04-17","SUMATERA UTARA",591,2405,6632,8522,6537,3364,493
"2021-04-18","SUMATERA UTARA",592,2410,6645,8537,6555,3373,493
"2021-04-19","SUMATERA UTARA",593,2411,6659,8556,6577,3385,493
"2021-04-20","SUMATERA UTARA",594,2414,6676,8571,6596,3397,493
"2021-04-21","SUMATERA UTARA",594,2419,6684,8589,6618,3412,493
"2021-04-22","SUMATERA UTARA",595,2429,6696,8608,6629,3425,493
"2021-04-23","SUMATERA UTARA",596,2438,6706,8628,6642,3437,493
"2021-04-24","SUMATERA UTARA",598,2443,6717,8647,6658,3448,493
"2021-04-25","SUMATERA UTARA",600,2448,6736,8667,6672,3450,493
"2021-04-26","SUMATERA UTARA",603,2450,6746,8684,6690,3469,493
"2021-04-27","SUMATERA UTARA",604,2456,6755,8706,6710,3474,493
"2021-04-30","SUMATERA UTARA",605,2466,6791,8764,6768,3512,493
"2021-05-01","SUMATERA UTARA",606,2469,6798,8780,6788,3524,493
"2021-05-02","SUMATERA UTARA",608,2473,6812,8800,6804,3532,493
"2021-05-04","SUMATERA UTARA",609,2485,6836,8833,6840,3557,493
"2021-05-06","SUMATERA UTARA",611,2500,6869,8869,6883,3580,493
"2021-05-08","SUMATERA UTARA",612,2508,6903,8933,6925,3608,493
"2021-05-10","SUMATERA UTARA",616,2525,6939,8971,6962,3641,493
"2021-05-13","SUMATERA UTARA",621,2549,6984,9035,7034,3674,493
"2021-05-14","SUMATERA UTARA",621,2563,6999,9061,7049,3690,493
"2021-05-16","SUMATERA UTARA",623,2573,7035,9104,7080,3724,493
"2021-05-19","SUMATERA UTARA",625,2608,7096,9174,7158,3756,493
"2021-05-25","SUMATERA UTARA",635,2654,7187,9329,7301,3873,493
"2021-05-26","SUMATERA UTARA",636,2658,7205,9357,7326,3882,493
"2021-05-29","SUMATERA UTARA",640,2686,7257,9429,7400,3918,493
"2021-05-31","SUMATERA UTARA",644,2693,7299,9474,7439,3951,493
"2021-06-02","SUMATERA UTARA",646,2711,7335,9523,7488,3985,493
"2021-06-10","SUMATERA UTARA",668,2792,7498,9765,7676,4134,493
"2021-06-12","SUMATERA UTARA",678,2812,7537,9828,7731,4161,493
"2021-06-13","SUMATERA UTARA",679,2820,7552,9850,7745,4174,493
"2021-06-10","SUMATERA_SELATAN",NA,NA,NA,NA,NA,NA,NA
"2021-06-12","SUMATERA_SELATAN",NA,NA,NA,NA,NA,NA,NA
